reference plan,plan,route,vehicle,order,stop type,active,wait,time,distance,drive time,out of visit time window,out of capacity,out of vehicle time shift,out of work time,maximum achievable distance,status,eta,reference,name,street,detail,postalcode,city,country,lat,lng,comment,phone,tags,reference visit,duration,open 1,close 1,open 2,close 2,priority,tags visit,quantity,operation
,VENDREDI 27.O7,,,,visit,,,,,,,,,,,,,400,BIA MARA ANVERS,Maalderijstraat 1-5,,2000,ANTWERPEN,,51.22089,4.40053,,,OM,,0:05:00,,,,,,,,
,VENDREDI 27.O7,,,,visit,,,,,,,,,,,,,108492,NH Hotel Arenberg,Rue d'assault 15,,1000,Bruxelles,,50.84848,4.35735,,,,,,,,,,,,,
,VENDREDI 27.O7,,,,visit,,,,,,,,,,,,,20,Dolma,21 rue de vergnies,,1050,Ixelles,,50.829,4.3712799,,,Ecodal,,,,,,,,,,
,VENDREDI 27.O7,,,,visit,,,,,,,,,,,,,232081,NOORDZEE,Rue Sainte-Catherine 45,,1000,Bruxelles,,50.85028,4.34771,,,OM,,,,,,,,,,
,VENDREDI 27.O7,,,,visit,,,,,,,,,,,,,357715b,OCEAN MAREE,Quai de l' Industrie 214,,1070,Anderlecht,,50.83987,4.32004,,,,,0:30:00,,,,,,,,
,VENDREDI 27.O7,,,,visit,,,,,,,,,,,,,435833,Thyssen Jan/PWC,Boulevard de woluwe 18,,1932,Woluwe-saint-lambert,,50.83806,4.43453,,,,,,,,,,,,,
,VENDREDI 27.O7,,,,visit,,,,,,,,,,,,,459075,PHIL NV,Kabouterstraat 7,,1190,Forest,,50.79997,4.3155599,,,,,,,,,,,,,
,VENDREDI 27.O7,,,,visit,,,,,,,,,,,,,BRG2,TFCO BRG Brugge,Smedenstraat 36,,8000,Brugge,,51.20564,3.21504,Fermé lundi et mardi + Livraison entre 19h et 6h,,TFCO,,0:15:00,,,,,,,,
,VENDREDI 27.O7,,,,visit,,,,,,,,,,,,,SUMY60b,SUMY 1h00,Avenue De Béjar 1AE,,1120,neder over hembeek,,50.911077,4.403484,,,Sumy,,1:00:00,,,,,,,,
,VENDREDI 27.O7,,,,visit,,,,,,,,,,,,,IVECO1,IVECO EPPEGEM,brusselsesteenweg 185,,1980,eppegem,,50.9688299,4.45545,,,,,,,,,,,,,
,VENDREDI 27.O7,,,,visit,,,,,,,,,,,,,OM5,OCEAN MAREE (sales),Quai de l'Industrie 214,,1070,Anderlecht,,50.83987,4.32004,"Pendant la livraison de nuit ,utiliser la clé pour ouvrier ( volet 3 )",,OM,,0:15:00,,,,,,,,
,VENDREDI 27.O7,,,,visit,,,,,,,,,,,,,LINDD,LINDD,Kleemstraat 69,,9041,Oostakker,,51.09705,3.75923,"Code grille : 1215
Code Porte Magasin : 1976",,,,,,,,,,,,
,VENDREDI 27.O7,,,,visit,,,,,,,,,,,,,885805,RSCA tribune 4,Avenue théo vanbeeck 2,,1070,Anderlecht,,50.83496,4.29849,,,,,,,,,,,,,
,VENDREDI 27.O7,,,,visit,,,,,,,,,,,,,SUMY25c,SUMY 25 MIN,Avenue De Béjar 1EA,,1120,neder over hembeek,,50.91106,4.403506,,,"""""",,0:25:00,,,,,,,,
,VENDREDI 27.O7,,,,visit,,,,,,,,,,,,,5006225,Pillows Grand Hotel,Place Roupe 17,,1000,Bruxelles,,50.84243,4.3463,Avant 10h30,,,,,,,,,,,,
,VENDREDI 27.O7,,,,visit,,,,,,,,,,,,,Sumy2h,SUMY 2H,Avenue de béjar 1,,1120,neder over hembeek,,50.911141,4.405019,,,,,2:00:00,,,,,,,,
,VENDREDI 27.O7,,,,visit,,,,,,,,,,,,,357715c,OCEAN MAREE,Quai de l' Industrie 214,,1070,Anderlecht,,50.83987,4.32004,,,,,0:30:00,,,,,,,,
,VENDREDI 27.O7,,,,visit,,,,,,,,,,,,,SUMY15b,SUMY 15 MIN,Avenue De Béjar 1AE,,1120,neder over hembeek,,50.91108,4.403479,,,Sumy,,0:15:00,,,,,,,,
,VENDREDI 27.O7,,,,visit,,,,,,,,,,,,,5007701,DXC Malines,Blarenberglaan 2,,2800,Malines,,51.0537599,4.44797,,,,,,,,,,,,,
,VENDREDI 27.O7,,,,visit,,,,,,,,,,,,,504263b,OTAN/ NATO  PROMARITIMES,Avenue du Bourget,,1130,Bruxelles,,50.877383,4.429926,livraison avant 9h30,,,,,,,,,,,,
,VENDREDI 27.O7,,,,visit,,,,,,,,,,,,,Sumy3H,SUMY 3H,avenue de béjar 1,,1120,neder over hembeek,,50.911073,4.405126,,,,,3:00:00,,,,,,,,
,VENDREDI 27.O7,,,,visit,,,,,,,,,,,,,Sumy1hE,SUMY 1h,Avenue de béjar 1,,1120,neder over hembeek,,50.911107,4.405072,,,,,1:00:00,,,,,,,,
,VENDREDI 27.O7,,,,visit,,,,,,,,,,,,,MCH,TFCO MA Malines,hoogstraat 66,,2800,malines,,51.02265,4.47407,Fermé lundi et mardi  livraison entre 19h et 6h,,TFCO,,0:20:00,,,,,,"TFCO,TFCO",,
,VENDREDI 27.O7,,,,visit,,,,,,,,,,,,,Adria,ADRIA KOMBI,Tivolska cesta 50,,1000,Ljubljana,slovenia,46.05742,14.50523,,,SELIS,,,,,,,,,,
,VENDREDI 27.O7,,,,visit,,,,,,,,,,,,,DATSAND2,Dats Anderlecht,Chaussée de Mons 875,,1070,Anderlecht,,50.828313,4.302198,,,Dats,,0:10:00,,,,,,,,
,VENDREDI 27.O7,,,,visit,,,,,,,,,,,,,SUMY15,SUMY 15 MIN,Avenue De Béjar 1EA,,,,,50.91109,4.403468,,,,,,,,,,,,,
,VENDREDI 27.O7,,,,visit,,,,,,,,,,,,,DATSMAL1,Dats MALINES,Liersesteenweg 351,,2800,Mechelen,,51.0448129,4.477557,,,Dats,,0:10:00,,,,,,,,
,VENDREDI 27.O7,,,,visit,,,,,,,,,,,,,SUMY60e,SUMY 1h00,Avenue De Béjar 1AE,,1120,neder over hembeek,,50.910894,4.403393,,,Sumy,,1:00:00,,,,,,,,
,VENDREDI 27.O7,,,,visit,,,,,,,,,,,,,DATSGOS1,DATS GOSSELIES,,,6041,gosselies,,50.4686,4.43143,,,,,,,,,,,,,
,VENDREDI 27.O7,,,,visit,,,,,,,,,,,,,DATSGRIM2,DATS GRIMBERGEN,Vilvoordsesteenweg 301,,1850,Grimbergen,,50.92705,4.3914,,,Dats,,0:10:00,,,,,,,,
,VENDREDI 27.O7,,,,visit,,,,,,,,,,,,,AGF,AU GRAND FORESTIER,Avenue du Grand Forestier 2,,1170,Bruxelles,,50.80392,4.4288,,,Promaritime,,,,,,,,,,
,VENDREDI 27.O7,,,,visit,,,,,,,,,,,,,ANV,TFCO ANV VOLK,VOLKSTRAAT 8,,2000,ANTWERPEN,,51.21187,4.39655,Livraison entre 19h et 6h,,TFCO,,0:20:00,,,,,,"TFCO,TFCO",,
,VENDREDI 27.O7,,,,visit,,,,,,,,,,,,,AUD,TFCO AUDerghem,Square Jean-Baptiste De Greef 2/4,,1160,Auderghem,,50.82046,4.40897,Livraison entre 19h et 6h,,TFCO,,0:30:00,,,,,,"TFCO,TFCO",,
,VENDREDI 27.O7,,,,visit,,,,,,,,,,,,,AUD1,TFCO AUDerghem,Square Jean-Baptiste De Greef 2/4,,1160,Auderghem,,50.82046,4.40897,,,TFCO,,0:15:00,,,,,,,,
,VENDREDI 27.O7,,,,visit,,,,,,,,,,,,,BDS,Banc des Saveurs,Rue du bois de Linthout 9,,1200,Woluwe-saint-lambert,,50.844216,4.412801,,,,,,,,,,,,,
,VENDREDI 27.O7,,,,visit,,,,,,,,,,,,,Boco,BOCO,Avenue Louise 521,,1000,Bruxelles,,50.81537,4.37178,,02 647 70 54,,,,,,,,,,,
,VENDREDI 27.O7,,,,visit,,,,,,,,,,,,,BRA3,TFCO ANV BRASSCHAT,TFCO ANV BRASSCHAT,,2930,Antwerpen,,51.28758,4.4866,livraison entre 19h-06h,,TFCO,,0:15:00,,,,,,,,
,VENDREDI 27.O7,,,,visit,,,,,,,,,,,,,BRG,TFCO BRG Brugge,Smedenstraat 36,,8000,brugge,,51.20564,3.21504,Fermé lundi et mardi + Livraison entre 19h et 6h,,TFCO,,0:20:00,,,,,,"TFCO,TFCO",,
,VENDREDI 27.O7,,,,visit,,,,,,,,,,,,,CONEX,CONEX,route de lennik 451,,1070,anderlecht,belgium,50.813566,4.300298,,,SELIS,,,,,,,,,,
,VENDREDI 27.O7,,,,visit,,,,,,,,,,,,,Culinor,CULINOR,Houtstraat 46,Destelbergen,9070,Destelbergen,,51.06797,3.81018,,,,,,,,,,,,,
,VENDREDI 27.O7,,,,visit,,,,,,,,,,,,,DATSAAL,Dats Alost,Brusselse steenweg 45,,9300,Aalst,,50.9322299,4.0574899,,,Dats,,0:10:00,,,,,,,,
,VENDREDI 27.O7,,,,visit,,,,,,,,,,,,,DATSAAL1,Dats Alost,Brusselse steenweg 45,,9300,Aalst,,50.9322299,4.0574899,,,Dats,,0:10:00,,,,,,,,
,VENDREDI 27.O7,,,,visit,,,,,,,,,,,,,DATSAND,Dats Anderlecht 2,Chaussée de Mons 875,,1070,Anderlecht,,50.82815,4.30232,,,Dats,,0:10:00,,,,,,,,
,VENDREDI 27.O7,,,,visit,,,,,,,,,,,,,DATSANV,Dats Anvers,Vosseschijnstraat 42,,2030,Anvers,,51.25694,4.41659,,,Dats,,0:10:00,,,,,,,,
,VENDREDI 27.O7,,,,visit,,,,,,,,,,,,,DATSANV1,Dats Anvers,Vosseschijnstraat 42,,2030,Anvers,,51.25694,4.41659,,,Dats,,0:10:00,,,,,,,,
,VENDREDI 27.O7,,,,visit,,,,,,,,,,,,,DATSBRU,Dats Brugge,Bruggestraat 168,,8820,TORHOUT,,51.08252,3.11593,,,Dats,,0:10:00,,,,,,,,
,VENDREDI 27.O7,,,,visit,,,,,,,,,,,,,DATSBRU1,Dats Brugge,Bruggestraat 168,,8820,TORHOUT,,51.08252,3.11593,,,"""""",,0:10:00,,,,,,,,
,VENDREDI 27.O7,,,,visit,,,,,,,,,,,,,DATSGENT,Dats Gand,Wiedauwkaai 104,,9000,Gand,,51.08638,3.72522,,,,,0:10:00,,,,,,,,
,VENDREDI 27.O7,,,,visit,,,,,,,,,,,,,DATSGENT1,Dats Gand,Wiedauwkaai 104,,9000,Gand,,51.08638,3.72522,,,"""""",,0:10:00,,,,,,,,
,VENDREDI 27.O7,,,,visit,,,,,,,,,,,,,DATSGRIM3,DATS GRIMBERGEN,Vilvoordsesteenweg 301,,1850,Grimbergen,,50.92705,4.3914,,,"""""",,0:10:00,,,,,,,,
,VENDREDI 27.O7,,,,visit,,,,,,,,,,,,,DATSIZE,Dats Izegem,Krekelmotestraat 147,,8870,Izegem,,50.92255,3.20958,,,"""""",,0:10:00,,,,,,,,
,VENDREDI 27.O7,,,,visit,,,,,,,,,,,,,DATSKAMP1,DATS KAMPENHOUT,Mechelsesteenweg 65,,1910,Kampenhout,,50.9592,4.58707,,,,,,,,,,,,,
,VENDREDI 27.O7,,,,visit,,,,,,,,,,,,,DATSKAMP2,DATS KAMPENHOUT,Mechelsesteenweg 65,,1910,Kampenhout,,50.9592,4.58707,5 min de TV Bastard,,,,,,,,,,,,
,VENDREDI 27.O7,,,,visit,,,,,,,,,,,,,DATSKOR,Dats Courtrai,Kortrijkstraat 226,,8560,Wevelgem,,50.81237,3.1959399,,,"""""",,0:10:00,,,,,,,,
,VENDREDI 27.O7,,,,visit,,,,,,,,,,,,,DATSKOR1,Dats Courtrai,Kortrijkstraat 226,,8560,Wevelgem,,50.81237,3.1959399,,,"""""",,0:10:00,,,,,,,,
,VENDREDI 27.O7,,,,visit,,,,,,,,,,,,,DATSMEL1,DATS MELLE,Brusselsesteenweg 36,,9090,Melle,,51.02265,3.77486,,,Dats,,0:15:00,,,,,,,,
,VENDREDI 27.O7,,,,visit,,,,,,,,,,,,,DATSMEL2,DATS MELLE,Brusselsesteenweg 36,,9090,MELLE,,51.02265,3.77486,,,,,,,,,,,,,
,VENDREDI 27.O7,,,,visit,,,,,,,,,,,,,DATSNato,Dats NATO,Oude Hachtsesteenweg 7,,1831,Machelen,,50.89316,4.43101,,,,,,,,,,,,,
,VENDREDI 27.O7,,,,visit,,,,,,,,,,,,,DATSNato1,Dats NATO,Oude Hachtsesteenweg 7,,1831,Machelen,,50.89316,4.43101,,,,,,,,,,,,,
,VENDREDI 27.O7,,,,visit,,,,,,,,,,,,,DATSNato2,Dats NATO,Oude Hachtsesteenweg 7,,1831,Machelen,,50.89316,4.43101,,,,,,,,,,,,,
,VENDREDI 27.O7,,,,visit,,,,,,,,,,,,,DatsOve1,Dats Overijse,Brusselsesteenweg 361,,3090,Overijse,,50.78348,4.5058,,,,,0:10:00,,,,,,,,
,VENDREDI 27.O7,,,,visit,,,,,,,,,,,,,DATSWAR,Dats Waregem,Gentseweg 568A,,8793,Sint-Eloois-Vijve,,50.90178,3.40718,,,"""""",,0:10:00,,,,,,,,
,VENDREDI 27.O7,,,,visit,,,,,,,,,,,,,DATSWAR1,Dats Waregem,Gentseweg 568A,,8793,Sint-Eloois-Vijve,,50.90178,3.40718,,,"""""",,0:10:00,,,,,,,,
,VENDREDI 27.O7,,,,visit,,,,,,,,,,,,,DATSWAV,Dats Wavre,Avenue des princes 45,,1300,Wavre,,50.71745,4.61655,,,"""""",,0:10:00,,,,,,,,
,VENDREDI 27.O7,,,,visit,,,,,,,,,,,,,DATSWAV1,Dats Wavre,Avenue des princes 45,,1300,Wavre,,50.71745,4.61655,,,"""""",,0:10:00,,,,,,,,
,VENDREDI 27.O7,,,,visit,,,,,,,,,,,,,DATSZAV1,Dats Zaventem,Leuvensesteenweg 500,,1930,Zaventem,,50.871726,4.476907,,,Dats,,0:10:00,,,,,,,,
,VENDREDI 27.O7,,,,visit,,,,,,,,,,,,,DATSZAV2,Dats Zaventem,Leuvensesteenweg 500,,1930,Zaventem,,50.8718456,4.477108,,,Dats,,0:10:00,,,,,,,,
,VENDREDI 27.O7,,,,visit,,,,,,,,,,,,,1,Au Rayon Bio,30 Gustave van Huynegemstraat,,1090,Jette,,50.8787499,4.3276199,,,Ecodal,,,,,,,,,,
,VENDREDI 27.O7,,,,visit,,,,,,,,,,,,,2,Au Rayon Bio,30 Gustave van Huynegemstraat,,1090,Jette,,50.8787499,4.3276199,,,Ecodal,,,,,,,,,,
,VENDREDI 27.O7,,,,visit,,,,,,,,,,,,,3,Au Rayon Bio,30 Gustave van Huynegemstraat,,1090,Jette,,50.8787499,4.3276199,,,Ecodal,,,,,,,,,,
,VENDREDI 27.O7,,,,visit,,,,,,,,,,,,,4,BelgoMarkt Coop.,Rue de Dublin 19,,1050,Ixelles,,50.83711,4.3672,,,Ecodal,,,,,,,,,,
,VENDREDI 27.O7,,,,visit,,,,,,,,,,,,,5,BelgoMarkt Coop.,Rue de Dublin 19,,1050,Ixelles,,50.83711,4.3672,,,Ecodal,,,,,,,,,,
,VENDREDI 27.O7,,,,visit,,,,,,,,,,,,,6,BelgoMarkt Coop.,Rue de Dublin 19,,1050,Ixelles,,50.83711,4.3672,,,Ecodal,,,,,,,,,,
,VENDREDI 27.O7,,,,visit,,,,,,,,,,,,,7,BelgoMarkt Coop.,Rue de Dublin 19,,1050,Ixelles,,50.83711,4.3672,,,Ecodal,,,,,,,,,,
,VENDREDI 27.O7,,,,visit,,,,,,,,,,,,,8,Bio c' bon Alsemberg,Chaussée d'Alsemberg 676-678,,1180,Uccel,,50.80309,4.33682,(Entree par Rue des Fidèles 3),,Ecodal,,,,,,,,,,
,VENDREDI 27.O7,,,,visit,,,,,,,,,,,,,9,Bio c' bon Alsemberg,Chaussée d'Alsemberg 676-678,,1180,Uccel,,50.80309,4.33682,(Entree par Rue des Fidèles 3),,Ecodal,,,,,,,,,,
,VENDREDI 27.O7,,,,visit,,,,,,,,,,,,,10,Bio c' bon Quartier Stéphanie,Chaussée de Charleroi 18,,1060,Saint-Gilles,,50.83212,4.35692,,,Ecodal,,,,,,,,,,
,VENDREDI 27.O7,,,,visit,,,,,,,,,,,,,11,Bio c' bon Quartier Stéphanie,Chaussée de Charleroi 18,,1060,Saint-Gilles,,50.83212,4.35692,,,Ecodal,,,,,,,,,,
,VENDREDI 27.O7,,,,visit,,,,,,,,,,,,,12,Bio c'bon Bascule,Chaussée de Waterloo 718-720,,1180,Uccle,,50.81535,4.36738,,,Ecodal,,,,,,,,,,
,VENDREDI 27.O7,,,,visit,,,,,,,,,,,,,13,Bio c'bon Bascule,Chaussée de Waterloo 718-720,,1180,Uccle,,50.81535,4.36738,,,Ecodal,,,,,,,,,,
,VENDREDI 27.O7,,,,visit,,,,,,,,,,,,,14,Biorganic Factory,81 chaussée de Ruisbroek,,1190,Forest,,50.7992,4.31472,Irrégulier,,Ecodal,,,,,,,,,,
,VENDREDI 27.O7,,,,visit,,,,,,,,,,,,,15,Biorganic Factory,81 chaussée de Ruisbroek,,1190,Forest,,50.7992,4.31472,Irrégulier,,Ecodal,,,,,,,,,,
,VENDREDI 27.O7,,,,visit,,,,,,,,,,,,,16,Chambelland,Avenue de luniversité 42,,1050,Ixelles,,50.81469,4.38779,,,Ecodal,,,,,,,,,,
,VENDREDI 27.O7,,,,visit,,,,,,,,,,,,,17,Chambelland,Avenue de luniversité 42,,1050,Ixelles,,50.81469,4.38779,,,Ecodal,,,,,,,,,,
,VENDREDI 27.O7,,,,visit,,,,,,,,,,,,,18,Crea BIO SENS,13 avenue de Laeken,,1090,Jette,,50.87203,4.32519,Irrégulier,,Ecodal,,,,,,,,,,
,VENDREDI 27.O7,,,,visit,,,,,,,,,,,,,19,Crea BIO SENS,13 avenue de Laeken,,1090,Jette,,50.87203,4.32519,Irrégulier,,Ecodal,,,,,,,,,,
,VENDREDI 27.O7,,,,visit,,,,,,,,,,,,,21,Dolma,21 rue de vergnies,,1050,Ixelles,,50.829,4.3712799,,,Ecodal,,,,,,,,,,
,VENDREDI 27.O7,,,,visit,,,,,,,,,,,,,22,Dolma,21 rue de vergnies,,1050,Ixelles,,50.829,4.3712799,,,Ecodal,,,,,,,,,,
,VENDREDI 27.O7,,,,visit,,,,,,,,,,,,,23,Dolma,21 rue de vergnies,,1050,Ixelles,,50.829,4.3712799,,,Ecodal,,,,,,,,,,
,VENDREDI 27.O7,,,,visit,,,,,,,,,,,,,24,Dolma,21 rue de vergnies,,1050,Ixelles,,50.829,4.3712799,,,Ecodal,,,,,,,,,,
,VENDREDI 27.O7,,,,visit,,,,,,,,,,,,,25,Green Food,21 rue de vergnies,,1050,Ixelles,,50.829,4.3712799,Irrégulier / petite quantité / livrer à Dolma,,Ecodal,,,,,,,,,,
,VENDREDI 27.O7,,,,visit,,,,,,,,,,,,,26,La Fraysse,Chaussée de Louvain 896,,1140,Evere,,50.85852,4.41291,Apres 10h,,Ecodal,,,,,,,,,,
,VENDREDI 27.O7,,,,visit,,,,,,,,,,,,,27,LA SAGA Globe Halles,9 avenue de la Chevalerie,,1040,Etterbeek,,50.84261,4.39598,Temporairement plus de commande,,Ecodal,,,,,,,,,,
,VENDREDI 27.O7,,,,visit,,,,,,,,,,,,,28,LA SAGA Globe Halles,9 avenue de la Chevalerie,,1040,Etterbeek,,50.84261,4.39598,Temporairement plus de commande,,Ecodal,,,,,,,,,,
,VENDREDI 27.O7,,,,visit,,,,,,,,,,,,,29,LA SAGA Globe Halles,9 avenue de la Chevalerie,,1040,Etterbeek,,50.84261,4.39598,Temporairement plus de commande,,Ecodal,,,,,,,,,,
,VENDREDI 27.O7,,,,visit,,,,,,,,,,,,,30,Le magasain,Chaussée de Vleurgat 287,,1050,Ixelles,,50.81759,4.36628,,,Ecodal,,,,,,,,,,
,VENDREDI 27.O7,,,,visit,,,,,,,,,,,,,31,Le magasain,Chaussée de Vleurgat 287,,1050,Ixelles,,50.81759,4.36628,,,Ecodal,,,,,,,,,,
,VENDREDI 27.O7,,,,visit,,,,,,,,,,,,,32,Le P'tit Beurre,Avenue Paul Dejaer 4,,1060,Bruxelles,,50.82658,4.34493,,,Ecodal,,,,,,,,,,
,VENDREDI 27.O7,,,,visit,,,,,,,,,,,,,33,Le relais du tripoteur,124 rue Middelbourg,,1170,Bruxelles,,50.79416,4.41889,Toutes les 2 semaines,,Ecodal,,,,,,,,,,
,VENDREDI 27.O7,,,,visit,,,,,,,,,,,,,34,Les ferme de nos pilifs,Trassersweg 347,,1120,Bruxelles,,50.90368,4.38881,,,Ecodal,,,,,,,,,,
,VENDREDI 27.O7,,,,visit,,,,,,,,,,,,,35,Les ferme de nos pilifs,Trassersweg 347,,1120,Bruxelles,,50.90368,4.38881,,,Ecodal,,,,,,,,,,
,VENDREDI 27.O7,,,,visit,,,,,,,,,,,,,36,Les Gauchers (Entrenous/Sara Lenzi),Rue de Merode 29,,1060,Saint-Gilles,,50.83587,4.33986,Irrégulier/ Petites Quantité,,Ecodal,,,,,,,,,,
,VENDREDI 27.O7,,,,visit,,,,,,,,,,,,,37,Les Gauchers (Entrenous/Sara Lenzi),Rue de Merode 29,,1060,Saint-Gilles,,50.83587,4.33986,Irrégulier/ Petites Quantité,,Ecodal,,,,,,,,,,
,VENDREDI 27.O7,,,,visit,,,,,,,,,,,,,38,Les idées à la pêle,25 avenue Louis Bertrand 1030 Schaerbeek,,1030,Schaerbeek,,50.8636,4.37478,mardi-mercredi-jeudi-samedi,,Ecodal,,,,,,,,,,
,VENDREDI 27.O7,,,,visit,,,,,,,,,,,,,40,Les idées à la pêle,25 avenue Louis Bertrand 1030 Schaerbeek,,1030,Schaerbeek,,50.8636,4.37478,mardi-mercredi-jeudi-samedi,,Ecodal,,,,,,,,,,
,VENDREDI 27.O7,,,,visit,,,,,,,,,,,,,41,Les idées à la pêle,25 avenue Louis Bertrand 1030 Schaerbeek,,1030,Schaerbeek,,50.8636,4.37478,mardi-mercredi-jeudi-samedi,,Ecodal,,,,,,,,,,
,VENDREDI 27.O7,,,,visit,,,,,,,,,,,,,42,Magasin General,Rue Guillaume Stocq 45,,1050,Ixelles,,50.82358,4.37671,,,Ecodal,,,,,,,,,,
,VENDREDI 27.O7,,,,visit,,,,,,,,,,,,,43,Magasin General,Rue Guillaume Stocq 45,,1050,Ixelles,,50.82358,4.37671,,,Ecodal,,,,,,,,,,
,VENDREDI 27.O7,,,,visit,,,,,,,,,,,,,46,Magasin General,Rue Guillaume Stocq 45,,1050,Ixelles,,50.82358,4.37671,,,Ecodal,,,,,,,,,,
,VENDREDI 27.O7,,,,visit,,,,,,,,,,,,,47,Natural Corner,Rue de l'Escalier 1,,1000,Bruxelles,,50.84385,4.3524,,,Ecodal,,,,,,,,,,
,VENDREDI 27.O7,,,,visit,,,,,,,,,,,,,48,Natural Corner,Rue de l'Escalier 1,,1000,Bruxelles,,50.84385,4.3524,,,Ecodal,,,,,,,,,,
,VENDREDI 27.O7,,,,visit,,,,,,,,,,,,,49,Natural Corner,Rue de l'Escalier 1,,1000,Bruxelles,,50.84385,4.3524,,,Ecodal,,,,,,,,,,
,VENDREDI 27.O7,,,,visit,,,,,,,,,,,,,50,Natural Corner,Rue de l'Escalier 1,,1000,Bruxelles,,50.84385,4.3524,,,Ecodal,,,,,,,,,,
,VENDREDI 27.O7,,,,visit,,,,,,,,,,,,,51,Neerhof,Neerhofstraat 2,,1700,Dilbeek,,50.83905,4.25914,,,Ecodal,,,,,,,,,,
,VENDREDI 27.O7,,,,visit,,,,,,,,,,,,,52,Ozfair,J.Volderslaan 9,,1060,Bruxelles,,50.8323233,4.3428801,,,Ecodal,,,,,,,,,,
,VENDREDI 27.O7,,,,visit,,,,,,,,,,,,,53,Ozfair,J.Volderslaan 9,,1060,Bruxelles,,50.8323233,4.3428801,,,Ecodal,,,,,,,,,,
,VENDREDI 27.O7,,,,visit,,,,,,,,,,,,,54,Pick-Eat,Rue de Dublin 19,,1050,Bruxelles,,50.83711,4.3672,Irrégulier,,Ecodal,,,,,,,,,,
,VENDREDI 27.O7,,,,visit,,,,,,,,,,,,,55,Pick-Eat,Rue de Dublin 19,,1050,Bruxelles,,50.83711,4.3672,Irrégulier,,Ecodal,,,,,,,,,,
,VENDREDI 27.O7,,,,visit,,,,,,,,,,,,,56,Pick-Eat,Rue de Dublin 19,,1050,Bruxelles,,50.83711,4.3672,Irrégulier,,Ecodal,,,,,,,,,,
,VENDREDI 27.O7,,,,visit,,,,,,,,,,,,,57,Rootstore,Michelangelolaan 45a,,1000,Bruxelles,,50.84496,4.38558,,,Ecodal,,,,,,,,,,
,VENDREDI 27.O7,,,,visit,,,,,,,,,,,,,58,Rootstore,Michelangelolaan 45a,,1000,Bruxelles,,50.84496,4.38558,,,Ecodal,,,,,,,,,,
,VENDREDI 27.O7,,,,visit,,,,,,,,,,,,,59,Tan SC,Rue de l'Aqueduc 95,,1050,Ixelles,,50.82423,4.35893,,,Ecodal,,,,,,,,,,
,VENDREDI 27.O7,,,,visit,,,,,,,,,,,,,60,Tan SC,Rue de l'Aqueduc 95,,1050,Ixelles,,50.82423,4.35893,,,Ecodal,,,,,,,,,,
,VENDREDI 27.O7,,,,visit,,,,,,,,,,,,,61,Tan SC,Rue de l'Aqueduc 95,,1050,Ixelles,,50.82423,4.35893,,,Ecodal,,,,,,,,,,
,VENDREDI 27.O7,,,,visit,,,,,,,,,,,,,62,Tan SC,Rue de l'Aqueduc 95,,1050,Ixelles,,50.82423,4.35893,,,Ecodal,,,,,,,,,,
,VENDREDI 27.O7,,,,visit,,,,,,,,,,,,,ELGEKA,ELGEKA,Xenodochoipallilon 81,,13672,Acharnes,,38.107273,23.760346,,,SELIS,,,,,,,,,,
,VENDREDI 27.O7,,,,visit,,,,,,,,,,,,,FARM COOK,FARM COOKING,Avenue du bois de la cambre 49,code volet 1234,1050,Ixelles,,50.80935,4.3949999,Code volet 8110,LOUIS 0473762212,FARM,,,,,,,,,,
,VENDREDI 27.O7,,,,visit,,,,,,,,,,,,,FARM COOK3,FARM COOKING,avenue du bois de la cambre 49,,1050,Ixelles,Belgique,50.80935,4.3949999,code volet 1234,Louis 0473 762212,FARM,,0:20:00,,,,,4,,,
,VENDREDI 27.O7,,,,visit,,,,,,,,,,,,,FARM FC-IXL,FARM FC-IXL,136 chaussée d'Ixelles,,1050,Ixelles,,50.83424,4.36542,CODE: 125874,,FARM,,0:30:00,,,,,,,,
,VENDREDI 27.O7,,,,visit,,,,,,,,,,,,,FARM FC-IXL2,FARM FC-IXL,chaussée d' ixelles 132,,1050,Ixelles,,50.83442,4.36517,CODE: 125874,,FARM,,0:30:00,,,,,,,,
,VENDREDI 27.O7,,,,visit,,,,,,,,,,,,,FARM ST CATH,FARM ST CATH,Rue du rouleau 12,,,,,50.852301,4.34814,CODE 181618,,,,0:30:00,,,,,,,,
,VENDREDI 27.O7,,,,visit,,,,,,,,,,,,,FARM TEST1,BRASSERIE DE LA LESSE,Rue du Treux 4,,5580,Rochefort,,50.14018,5.1636,,,,,,,,,,,,,
,VENDREDI 27.O7,,,,visit,,,,,,,,,,,,,FARM TEST2,COULEUR NATURE,Rue de l'Industrie 17/B,,1400,Nivelles,,50.5907,4.35857,,,,,,,,,,,,,
,VENDREDI 27.O7,,,,visit,,,,,,,,,,,,,FARM TEST3,Ethiquable Benelux Fair Trade Fair Taste,Rue du Parc Industriel 60,,4300,Waremme,,50.68868,5.27539,,,,,,,,,,,,,
,VENDREDI 27.O7,,,,visit,,,,,,,,,,,,,FARM TONGRES,FARM TONGRES,AVENUE GEORGES HENRI 513,,1200,woluwe saint lambert,,50.8409199,4.40151,CODE: 176169,,FARM,,0:30:00,,,,,,,,
,VENDREDI 27.O7,,,,visit,,,,,,,,,,,,,FARMbas,FARM BASCULE,Rue Vanderkindere 546,,1180,Uccle,,50.814585,4.365606,"2 clés, code:125874","JEAN- DAVID:0478226148, JEAN BAPTISTE : 0477896815",FARM,,0:30:00,,,,,,,,
,VENDREDI 27.O7,,,,visit,,,,,,,,,,,,,FARMHk2,FARM HANKAR,Chaussée de Wavre 1080,,1160,AUDERGHEM,,50.82346,4.40209,CODE: 9104,,FARM,,0:30:00,,,,,,,,
,VENDREDI 27.O7,,,,visit,,,,,,,,,,,,,FARMhk,FARM HANKAR,Chaussée de Wavre 1080,,1160,AUDERGHEM,,50.82346,4.40209,CODE: 9104,,FARM,,0:30:00,,,,,,,,
,VENDREDI 27.O7,,,,visit,,,,,,,,,,,,,FARMstCat3,FARM ST CATH,Rue du rouleau 12,,1000,Bruxelles,,50.85269,4.3483599,CODE: 181618,,FARM,,0:30:00,,,,,,,,
,VENDREDI 27.O7,,,,visit,,,,,,,,,,,,,FARMtravie,FARM PACK TRAVIE,Digue du Canal 40,,1070 Bruxel,Anderlecht,,50.83404,4.31928,,,FARM,,,,,,,,,,
,VENDREDI 27.O7,,,,visit,,,,,,,,,,,,,GEL,TFCO GENT,François Laurentplein 35,,9000,Gent,,51.05074,3.72846,Livraison entre 19h et 6h,,TFCO,,0:30:00,,,,,,"TFCO,TFCO",,
,VENDREDI 27.O7,,,,visit,,,,,,,,,,,,,GP,TFCO GERPINNES,rue neuve 2,,6280,gerpinnes,,50.343653,4.472487,,,TFCO,,,,,,,,,,
,VENDREDI 27.O7,,,,visit,,,,,,,,,,,,,Grsbch,GROSBUSCH,10-11 Zone d'Activités Economiques Le Triangle Vert,,5691,ellange,luxembourg,49.5135099,6.29793,,,,,0:45:00,,,,,,,,
,VENDREDI 27.O7,,,,visit,,,,,,,,,,,,,IBM,IBM IRELAND,damastown,,,dublin,,53.41595,-6.421146,,,SELIS,,,,,,,,,,
,VENDREDI 27.O7,,,,visit,,,,,,,,,,,,,INL,INLECOM,,"Phoenix House, 24 High St, Wanstead",E11 2AQ,London,England,51.578326,0.025578,,,SELIS,,,,,,,,,,
,VENDREDI 27.O7,,,,visit,,,,,,,,,,,,,ISL,ISL,,Universitätsallee 11,28359,Bremen,allemagne,53.10154,8.86641,"53.103856, 8.853666",,SELIS,,,,,,,,,,
,VENDREDI 27.O7,,,,visit,,,,,,,,,,,,,ISPCG30A,ISPC G 30 min,Ottergemsesteenweg - Zuid 720,,,,,51.016772,3.735706,,,,,,,,,,,,,
,VENDREDI 27.O7,,,,visit,,,,,,,,,,,,,ISPCG30b,ISPC G 30 min,Ottergemsesteenweg - Zuid 720,,,,,51.016772,3.735706,,,,,0:30:00,,,,,,,,
,VENDREDI 27.O7,,,,visit,,,,,,,,,,,,,IvecoGB,IVECO GB,Alfons Gossetlaan 28A B3,,1702,Grimbergen,,50.87353,4.27899,,,"""""",,,,,,,,,,
,VENDREDI 27.O7,,,,visit,,,,,,,,,,,,,IXL18,TFCO IXL -18°c,Avenue de l'hippodrome 75,,1050,Ixelles,,50.82027,4.37682,Livraison entre 19h et 6h,,TFCO,,0:30:00,,,,,,TFCO,,
,VENDREDI 27.O7,,,,visit,,,,,,,,,,,,,IXLvid,TFCO IXL Vidanges,avenue de l'hippodrome 75,,1050,IXELLES,,50.82027,4.37682,,,TFCO,,,,,,,,,,
,VENDREDI 27.O7,,,,visit,,,,,,,,,,,,,JET2,TFCO JETTE,Chaussée de Wemmel 10,,1090,JETTE,,50.87324,4.32529,Livraison entre 19h et 6h,,TFCO,,0:15:00,,,,,,,,
,VENDREDI 27.O7,,,,visit,,,,,,,,,,,,,JETvid,TFCO JET Vidanges,chaussée de wemmel 10,,1090,Jette,,50.87324,4.32529,fermé lundi,,TFCO,,,,,,,,,,
,VENDREDI 27.O7,,,,visit,,,,,,,,,,,,,JOS2,JOSEPH 2,Rue du Marteau 29,,1000,Bruxelles,,50.84718,4.37234,,,Promaritime,,,,,,,,,,
,VENDREDI 27.O7,,,,visit,,,,,,,,,,,,,KOR,TFCO KOR,Doorniksewijk 136,,8500,KORTRIJK,,50.81933,3.26903,Livraison entre 19h et 6h fermé le lundi,,TFCO,,0:15:00,,,,,,"TFCO,TFCO",,
,VENDREDI 27.O7,,,,visit,,,,,,,,,,,,,LEU2,TFCO LEUVEN,30 Mechelsestraat,,3000,LEUVEN,,50.88075,4.70009,fermé dimanche et lundi.,,TFCO,,0:15:00,,,,,,,,
,VENDREDI 27.O7,,,,visit,,,,,,,,,,,,,LG,TFCO LIEGE,74 Rue des Guillemins,,4000,liège,,50.628092,5.567225,fermé le lundi,,TFCO,,,,,,,,,,
,VENDREDI 27.O7,,,,visit,,,,,,,,,,,,,LH,TFCO LH Hulpe,Chaussée de Bruxelles 2,,1310,LA Hulpe,,50.73138,4.4809,Livraison entre 19h et 6h,,TFCO,,0:30:00,,,,,,TFCO,,
,VENDREDI 27.O7,,,,visit,,,,,,,,,,,,,Maxi,MaxiPesca,Av. Antoon Van Oss 1/17,,1120,neder over hembeek,,50.9055259,4.4052518,,,,,,,,,,,,,
,VENDREDI 27.O7,,,,visit,,,,,,,,,,,,,Newotan,NEW OTAN (Proma),1 Rue arthur Meas,,1140,Bruxelles,,50.8843699,4.42249,A coté batiment Satka,,Promaritime,,,,,,,,,,
,VENDREDI 27.O7,,,,visit,,,,,,,,,,,,,NosPil1,NOS PILIFS,Trassersweg 347,,1120,Neder over heembeek,,50.90368,4.38881,,,Nos Pilifs,,,,,,,,,,
,VENDREDI 27.O7,,,,visit,,,,,,,,,,,,,NosPil2,NOS PILIFS,Trassersweg 347,,1120,Neder over heembeek,,50.90368,4.38881,,,Nos Pilifs,,,,,,,,,,
,VENDREDI 27.O7,,,,visit,,,,,,,,,,,,,OMLD26ha,OM LD2 6H,Quai de l' Industrie 214,,1070,Anderlecht,,50.83987,4.32004,,,,,,,,,,,,,
,VENDREDI 27.O7,,,,visit,,,,,,,,,,,,,OMLD26hb,OM LD2 6H,Quai de l' Industrie 214,,1070,Anderlecht,,50.83987,4.32004,,,,,6:00:00,,,,,,,,
,VENDREDI 27.O7,,,,visit,,,,,,,,,,,,,OMLD26hc,OM LD2 6H,Quai de l' Industrie 214,,1070,Anderlecht,,50.83987,4.32004,,,,,6:00:00,,,,,,,,
,VENDREDI 27.O7,,,,visit,,,,,,,,,,,,,OVE,TFCO OVErijse,Brusselsesteenweg 410,,3090,Overijse,,50.78654,4.50019,Livraison entre 19h et 6h,,TFCO,,0:20:00,,,,,,TFCO,,
,VENDREDI 27.O7,,,,visit,,,,,,,,,,,,,OVE2,TFCO OVErijse,Brusselsesteenweg 410,,3090,Overijse,,50.78635,4.49995,fermé le lundi,,TFCO,,0:15:00,,,,,,,,
,VENDREDI 27.O7,,,,visit,,,,,,,,,,,,,PIZZ,PIZZICATO 2,Boulevard Emile Bockstael 426,,1020,Bruxelles,,50.88397,4.34426,,,Promaritime,,,,,,,,,,
,VENDREDI 27.O7,,,,visit,,,,,,,,,,,,,PROMA,PROMARITIMES,Quai aux Briques 48,,1000,Bruxelles,,50.85221,4.34733,,,Promaritime,,0:15:00,,,,,,,,
,VENDREDI 27.O7,,,,visit,,,,,,,,,,,,,PROMA1,PROMARITIMES,Quai aux Briques 48,,1000,Bruxelles,,50.85221,4.34733,,0486/951876,Promaritime,,,,,,,,,,
,VENDREDI 27.O7,,,,visit,,,,,,,,,,,,,PROMA2,PROMARITIMES,Quai aux Briques 48,,1000,Bruxelles,,50.85221,4.34733,,,Promaritime,,0:15:00,,,,,,,,
,VENDREDI 27.O7,,,,visit,,,,,,,,,,,,,Rob,ROB,Boulevard de la Woluwe 28,,1150,Bruxelles,,50.8373,4.43427,,,Promaritime,,,,,,,,,,
,VENDREDI 27.O7,,,,visit,,,,,,,,,,,,,RSM,RSM,Burgemeester Oudlaan 50,,3062,Rotterdam,hollande,51.918388,4.526204,,,SELIS,,,,,,,,,,
,VENDREDI 27.O7,,,,visit,,,,,,,,,,,,,SAR,SARMED,,,,Athènes,Grèce,38.066727,23.517973,,,SELIS,,,,,,,,,,
,VENDREDI 27.O7,,,,visit,,,,,,,,,,,,,SEN1,TFCO SENEFFE,Rue Jules Bordet 167F,,7180,SENEFFE,,50.505949,4.267287,,,TFCO,,0:30:00,,,,,,,,
,VENDREDI 27.O7,,,,visit,,,,,,,,,,,,,SEN2,TFCO SENEFFE,Rue Jules Bordet 167F,,7180,SENEFFE,,50.505949,4.267287,Livraison entre 19h et 6h,,TFCO,,0:30:00,,,,,,TFCO,,
,VENDREDI 27.O7,,,,visit,,,,,,,,,,,,,SEN3,TFCO SENEFFE,Rue Jules Bordet 167F,,7180,SENEFFE,,50.505949,4.267287,Livraison entre 19h et 6h,,TFCO,,0:30:00,,,,,,TFCO,,
,VENDREDI 27.O7,,,,visit,,,,,,,,,,,,,SODBOL,Sodexo bolwerlaan,bolwerklaan 21,,1000,bruxelles,,50.8561,4.35677,,,Nos Pilifs,,,,,,,,,,
,VENDREDI 27.O7,,,,visit,,,,,,,,,,,,,SODCDR,Sodexo CDR-CESE,Rue Belliard 99-101,,1040,Bruxelles,,50.840304,4.378256,,,Nos Pilifs,,,,,,,,,,
,VENDREDI 27.O7,,,,visit,,,,,,,,,,,,,SODDRO,Sodexo Leiehome Drongen,Kloosterstraat 9,,9031,Drongen,,51.03849,3.61665,,,Nos Pilifs,,,,,,,,,,
,VENDREDI 27.O7,,,,visit,,,,,,,,,,,,,SODGLA,SODEXO Glaverbel,Avenue des Lucanes 17,,1170,Bruxelles,,50.79768,4.40323,,,Nos Pilifs,,,,,,,,,,
,VENDREDI 27.O7,,,,visit,,,,,,,,,,,,,SODPF,Sodexo Parlement federal,Rue ducale 61,,1000,bruxelles,,50.84439,4.35609,,,Nos Pilifs,,,,,,,,,,
,VENDREDI 27.O7,,,,visit,,,,,,,,,,,,,SODSOL,SODEXO SOLVAY,Rue de Ransbeek 310,,1120,neder over hembeek,,50.90113,4.40038,Hanine Lamzoudi,0473/53 31 37,Nos Pilifs,,,,,,,,,,
,VENDREDI 27.O7,,,,visit,,,,,,,,,,,,,SODSWIFT,Sodexo SWIFT,Avenue adele 1,,1310,La Hulpe,,50.73463,4.47902,,,Nos Pilifs,,,,,,,,,,
,VENDREDI 27.O7,,,,visit,,,,,,,,,,,,,SODswift2,Sodexo SWIFT SOLVAY,Avenue Ernest Solvay 81,,1310,La hulpe,,50.7411129,4.4822104,,0477 91 93 96,,,,,,,,,,,
,VENDREDI 27.O7,,,,visit,,,,,,,,,,,,,SON,SONAE,"Lugar do Espido, Via Norte",,,Maia,portugal,41.237063,-8.640672,,,SELIS,,,,,,,,,,
,VENDREDI 27.O7,,,,visit,,,,,,,,,,,,,STO,TFCO STOckel,Avenue Orban 227,,1150,Woluwe St Pierre,,50.8388599,4.46446,Livraison entre 19h et 6h,,TFCO,,0:30:00,,,,,,"TFCO,TFCO",,
,VENDREDI 27.O7,,,,visit,,,,,,,,,,,,,STO1,TFCO STOCkel Vidanges,Avenue Orban 227,,1150,Woluwe St Pierre,,50.8388599,4.46446,,,TFCO,,0:15:00,,,,,,,,
,VENDREDI 27.O7,,,,visit,,,,,,,,,,,,,SUMY15a,SUMY 15 MIN,Avenue De Béjar,,1120,neder over hembeek,,50.911107,4.403232,,,Sumy,,0:15:00,,,,,,,,
,VENDREDI 27.O7,,,,visit,,,,,,,,,,,,,SUMY15e,SUMY 15 MIN,Avenue De Béjar 1AE,,1120,neder over hembeek,,50.911114,4.403474,,,Sumy,,0:15:00,,,,,,,,
,VENDREDI 27.O7,,,,visit,,,,,,,,,,,,,SUMY30b,ISPC G 30 min,Ottergemsesteenweg - Zuid 720,,,,,51.016772,3.735706,,,,,,,,,,,,,
,VENDREDI 27.O7,,,,visit,,,,,,,,,,,,,SUMY3HB,SUMY 1H,Avenue de Béjar 1,,1120,neder over hembeek,,50.911057,4.405019,,,,,1:00:00,,,,,,,,
,VENDREDI 27.O7,,,,visit,,,,,,,,,,,,,Tomaat,GREET BIESBROUCK,Trieu de Wasmes 9,,7740,PECK,,50.677193,3.332704,,,"""""",,0:15:00,,,,,,,,
,VENDREDI 27.O7,,,,visit,,,,,,,,,,,,,TOMAT,GEERT DE BIESBROUCK,Trieu de Wasmes 9,,7740,PECQ,,50.67572,3.33147,,,"""""",,,,,,,,TFCO,,
,VENDREDI 27.O7,,,,visit,,,,,,,,,,,,,turk,TURK FOOD,Schaarbeeklei 724,,1800,vilvoorde,,50.90746,4.41384,,,"""""",,,,,,,,,,
,VENDREDI 27.O7,,,,visit,,,,,,,,,,,,,ULBera,ULB ERASME,Route de Lennik,,1070,Anderlecht,,50.814349,4.264642,,,,,0:30:00,,,,,,,,
,VENDREDI 27.O7,,,,visit,,,,,,,,,,,,,ULBfla,ULB FLAGEY,Rue de la Brasserie,,1050,Ixelles,,50.827461,4.373235,,,,,,,,,,,,,
,VENDREDI 27.O7,,,,visit,,,,,,,,,,,,,ULBfla2,ULB FLAGEY,Rue de la Brasserie,,1050,Ixelles,,50.827461,4.373235,,,,,0:30:00,,,,,,,,
,VENDREDI 27.O7,,,,visit,,,,,,,,,,,,,ULBgos,ULB GOSSELIES,Rue Adrienne Bolland 8,,6041,charleroi,,50.472271,4.466564,,,,,0:30:00,,,,,,,,
,VENDREDI 27.O7,,,,visit,,,,,,,,,,,,,ULBpla,ULB PLAINE,Boulevard du Triomphe 74,,1160,Auderghem,,50.820054,4.398923,,,,,0:30:00,,,,,,,,
,VENDREDI 27.O7,,,,visit,,,,,,,,,,,,,ULBsol,ULB SOLBOSH,Avenue Adolphe Buyl 105,,1050,Ixelles,,50.815799,4.382966,Villo Station,,,,0:15:00,,,,,,,,
,VENDREDI 27.O7,,,,visit,,,,,,,,,,,,,UVO1,TFCO UVO Vidange,Chaussée de Waterloo 1223,,1180,uccle,,50.7946,4.37342,,,TFCO,,0:15:00,,,,,,,,
,VENDREDI 27.O7,,,,visit,,,,,,,,,,,,,VDK1,TFCO VDK Vidange,Rue Vanderkindere 367,,1180,UCCLE,,50.81422,4.35891,,,TFCO,,0:15:00,,,,,,,,
,VENDREDI 27.O7,,,,visit,,,,,,,,,,,,,VSM,AU VIEUX SAINT MARTIN,Place de Grand Sablon 38,,1000,Bruxelles,,50.84087,4.35443,,,Promaritime,,,,,,,,,,
,VENDREDI 27.O7,,,,visit,,,,,,,,,,,,,WAV,TFCO WAVRE,Avenue des Princes 52,,1300,Wavre,,50.71678,4.61559,,,TFCO,,,,,,,,,,
,VENDREDI 27.O7,,,,visit,,,,,,,,,,,,,WGH1,TFCO WGH,Avenue Georges Henri 205,,1200,Woluwé-Saint-Lambert,,50.84471,4.41684,Livraison entre 19h et 6h,,TFCO,,0:15:00,,,,,,TFCO,,
,VENDREDI 27.O7,,,,visit,,,,,,,,,,,,,WGHvid,TFCO WGH Vidanges,Avenue Georges Henri 205,,1200,woluwe saint lambert,,50.84471,4.41684,,,TFCO,,,,,,,,,,
,VENDREDI 27.O7,,,,visit,,,,,,,,,,,,,WOO1,TFCO WOO,Chaussée de Bruxelles 184,,1410,Waterloo,,50.7206199,4.39757,,,TFCO,,0:15:00,,,,,,,,
,VENDREDI 27.O7,,,,visit,,,,,,,,,,,,,ZLC,ZLC,"C/Bari 55, Edificio Náyade 5",,50197,Zaragoza,Espagne,41.64655,-0.9722,,,SELIS,,,,,,,,,,
,VENDREDI 27.O7,,,,visit,,,,,,,,,,,,,,BRASSERIE ZOUTE (BRABA),Zeewindstraat 13,,8300,Knokke,,51.35577,3.30364,,,,,,,,,,,,,
,VENDREDI 27.O7,,,,visit,,,,,,,,,,,,,,CANTERBURRY,Avenue de l'Hippodrome 2,,1050,Ixelles,,50.82376,4.37415,,,,,,,,,,,,,
,VENDREDI 27.O7,,,,visit,,,,,,,,,,,,,,DELACRE BOUTIQUE,Place de la Vieille Halle aux Blés 27,,1000,Bruxelles,,50.84398,4.35168,,,,,,,,,,,,,
,VENDREDI 27.O7,,,,visit,,,,,,,,,,,,,,Traiteur Loriers,Avenue du four à briques 6,,1140,Etterbeek,,50.86535,4.41421,,,,,,,,,,,,,
,VENDREDI 27.O7,,,,visit,,,,,,,,,,,,,,BELLE BULLE,Chaussée de Waterloo 677,,1180,Uccle,,50.81657,4.36654,,,,,,,,,,,,,
,VENDREDI 27.O7,,,,visit,,,,,,,,,,,,,,BIODYVINO,Schelselei 15C,,2630,Aartselaar,,51.13087,4.37302,,,,,,,,,,,,,
,VENDREDI 27.O7,,,,visit,,,,,,,,,,,,,,BIOFLORE,Rue Egide Van Ophem 40C,,1180,Uccle,,50.79275,4.33069,,,,,,,,,,,,,
,VENDREDI 27.O7,,,,visit,,,,,,,,,,,,,,Biofresh produits frais,Berkenhoekstraat 20,,2861,O.L.V.-Waver,,51.053,4.56765,,,,,,,,,,,,,
,VENDREDI 27.O7,,,,visit,,,,,,,,,,,,,,Biofresh produits secs,Legen Heirweg 51,,9890,Gavere,,50.93486,3.64291,,,,,,,,,,,,,
,VENDREDI 27.O7,,,,visit,,,,,,,,,,,,,,BIONATURELS,Doornveld 20B,,1731,Zellik,,50.8915811,4.2619825,,,,,,,,,,,,,
,VENDREDI 27.O7,,,,visit,,,,,,,,,,,,,,BIOSANO,Nijverheidsstraat 54F,,2160,Wommelgem,,51.20866,4.50783,,,,,,,,,,,,,
,VENDREDI 27.O7,,,,visit,,,,,,,,,,,,,,CHAMPIGNON DE BRUXELLES,Rue Ropsy Chaudron 24 bte 26,,1070,Anderlecht,,50.84293,4.32913,,,,,,,,,,,,,
,VENDREDI 27.O7,,,,visit,,,,,,,,,,,,,,COPROSAIN,"Chemin des Peupliers, 24 ",,7800,ATH,,50.6377459,3.7780171,,,,,,,,,,,,,
,VENDREDI 27.O7,,,,visit,,,,,,,,,,,,,,DEOR FOODS,St Gerebernusstraat 4,,2440,Geel,,51.09893,4.94944,,,,,,,,,,,,,
,VENDREDI 27.O7,,,,visit,,,,,,,,,,,,,,DISTRIBIO,venue du Port 108-110,,1000,Bruxelles,,50.86838,4.35275,,,,,,,,,,,,,
,VENDREDI 27.O7,,,,visit,,,,,,,,,,,,,,ECODIS GRODENT,Chemin Sur le Thier 3,,B-4960,Malmedy,,50.4334599,6.01217,,,,,,,,,,,,,
,VENDREDI 27.O7,,,,visit,,,,,,,,,,,,,,EVEIL DES SENS,Avenue du Roi Chevalier 65,,1200,Bruxelles,,50.84469,4.4172399,,,,,,,,,,,,,
,VENDREDI 27.O7,,,,visit,,,,,,,,,,,,,,HAGOR,Remylaan 4,,3018,Wijgmaal,,50.9222899,4.7008599,,,,,,,,,,,,,
,VENDREDI 27.O7,,,,visit,,,,,,,,,,,,,,HYGIENA,Europark Zuid-6 / G B,,9100,Sint-Niklaas,,51.16104,4.17128,,,,,,,,,,,,,
,VENDREDI 27.O7,,,,visit,,,,,,,,,,,,,,IMWE,Avenue Ernest Renan 13,,1030,Bruxelles,,50.86698,4.3808999,,,,,,,,,,,,,
,VENDREDI 27.O7,,,,visit,,,,,,,,,,,,,,INTERBIO,Rue de la Basse Sambre 24,,5140,Sombreffe,,50.492,4.59323,,,,,,,,,,,,,
,VENDREDI 27.O7,,,,visit,,,,,,,,,,,,,,LEKKERS UIT HET PAJOTTENLAND,Trontingen 15,,1750,Lennik,,50.80692,4.17302,,,,,,,,,,,,,
,VENDREDI 27.O7,,,,visit,,,,,,,,,,,,,,MANNAVITA,Zuidstraat 10,,8560,Wevelgem,,50.81101,3.2177699,,,,,,,,,,,,,
,VENDREDI 27.O7,,,,visit,,,,,,,,,,,,,,MARMA,Esperantolaan 5/A,,3300,Tienen,,50.80388,4.92051,,,,,,,,,,,,,
,VENDREDI 27.O7,,,,visit,,,,,,,,,,,,,,MENAGROUP,Hermanne 20,,B-6941,Tohogne,,50.40937,5.48724,,,,,,,,,,,,,
,VENDREDI 27.O7,,,,visit,,,,,,,,,,,,,,NATURE ELEMENT,Rue Roc Saint-Nicaise 74,,7500,Tournai,,50.6049,3.38464,,,,,,,,,,,,,
,VENDREDI 27.O7,,,,visit,,,,,,,,,,,,,,NATUR'INOV,Lambusart 24,,6220,Fleurus,,50.45492,4.54308,,,,,,,,,,,,,
,VENDREDI 27.O7,,,,visit,,,,,,,,,,,,,,OASIS DES SAVEURS,"rue Gaston Dancôt, 41",,B-5310,Waret-la-Chaussée,,50.53797,4.91342,,,,,,,,,,,,,
,VENDREDI 27.O7,,,,visit,,,,,,,,,,,,,,OCEBIO,Nijverheidsstraat 96,,2160,Wommelgem,,51.20961,4.5163399,,,,,,,,,,,,,
,VENDREDI 27.O7,,,,visit,,,,,,,,,,,,,,PURASANA,Heulestraat 104,,8560,GULLEGEM.,,50.8426961,3.2163695,,,,,,,,,,,,,
,VENDREDI 27.O7,,,,visit,,,,,,,,,,,,,,REGISANA,Boulevard de la Révision 101,,1070,Anderlecht,,50.8348299,4.3266099,,,,,,,,,,,,,
,VENDREDI 27.O7,,,,visit,,,,,,,,,,,,,,SEMAILLE,Rue du Sabotier 16,,5340,Gesves,,50.42211,5.00539,,,,,,,,,,,,,
,VENDREDI 27.O7,,,,visit,,,,,,,,,,,,,,Solal sprl-Siège social,Rue du petit mont 8,,B-1495,Marbais (Villers-La-Ville),,50.5466,4.52309,,,,,,,,,,,,,
,VENDREDI 27.O7,,,,visit,,,,,,,,,,,,,,SUPERSEC SPRL,Rue des Tanneurs 62,,1000,Bruxelles,,50.83968,4.34655,,,,,,,,,,,,,
,VENDREDI 27.O7,,,,visit,,,,,,,,,,,,,,TERRA & TAVOLA,Bergensesteenweg 181,,1600,Sint-Pieters-Leeuw,,50.79769,4.2885799,,,,,,,,,,,,,
,VENDREDI 27.O7,,,,visit,,,,,,,,,,,,,,VAJRA,Brusselsesteenweg 330,,3090,Overijse,,50.7820208,4.5113308,,,,,,,,,,,,,
,VENDREDI 27.O7,,,,visit,,,,,,,,,,,,,,WELLNUTRIFOOD,"Drève de l'Infante, 27P3",,B-1410,Waterloo,,50.71815,4.3865299,,,,,,,,,,,,,
,VENDREDI 27.O7,,,,visit,,,,,,,,,,,,,,EAT!,Rue royale 20,,1000,Bruxelles,,50.84441,4.36089,,,,,,,,,,,,,
,VENDREDI 27.O7,,,,visit,,,,,,,,,,,,,,ECODAL,Slagvijver 25,,1750,Lennik,,50.8056399,4.17092,,,,,,,,,,,,,
,VENDREDI 27.O7,,,,visit,,,,,,,,,,,,,,Ferme de la sève,Rue du Gros Buisson 1,,6220,Wangenies,,50.4908,4.51896,,,FARM,,,,,,,,,,
,VENDREDI 27.O7,,,,visit,,,,,,,,,,,,,,BON PLAISIR,Rue Dieudonné Lefèvre 27,,1020,Bruxelles,,50.87085,4.35006,,,FARM,,,,,,,,,,
,VENDREDI 27.O7,,,,visit,,,,,,,,,,,,,,Bart Hugelierau,,,,neder over hembeek,,50.84078318,4.374956489,,,,,,,,,,,,,
,VENDREDI 27.O7,,,,visit,,,,,,,,,,,,,,Pierre Yves Farm,Rue Saint Pierre 63,,1000,bruxelles,,50.8555599,4.35625,,,,,,,,,,,,,
,VENDREDI 27.O7,,,,visit,,,,,,,,,,,,,,Traiteur Loriers,Avenue du four à briques 6,,1140,Etterbeek,,50.86535,4.41421,,,,,,,,,,,,,
,VENDREDI 27.O7,,,,visit,,,,,,,,,,,,,,COURSIER NAMUR,Square Léopold,,5000,namur,,50.46884,4.86576,,,,,,,,,,,,,
,VENDREDI 27.O7,,,,visit,,,,,,,,,,,,,,COURSIER MONS,Rue d'Havré   18,,7000,mons,,50.45374,3.9533,,,,,,,,,,,,,
,VENDREDI 27.O7,,,,visit,,,,,,,,,,,,,,JOST NIVELLES,,Rue de l'Industrie 21,1400,Nivelles,,50.5877,4.32674,,,,,,,,,,,,,
,VENDREDI 27.O7,,,,visit,,,,,,,,,,,,,,AUREX,,Brusselsesteenweg 347,1730,Kobbegem,,50.90997,4.25005,,,,,,,,,,,,,
,VENDREDI 27.O7,,,,visit,,,,,,,,,,,,,,BIONATURELS,Doornveld 20B,,,,,50.8915811,4.2619825,,,FARM,,,,,,,,,,
,VENDREDI 27.O7,,,,visit,,,,,,,,,,,,,,BIOFLORE,Rue Egide Van Ophem 40C,,,,,50.79275,4.33069,,,,,,,,,,,,,
,VENDREDI 27.O7,,,,visit,,,,,,,,,,,,,,TERRA & TAVOLA,Bergensesteenweg 181,,,,,50.79769,4.2885799,,,,,,,,,,,,,
,VENDREDI 27.O7,,,,visit,,,,,,,,,,,,,,ECODAL,Slagvijver 25,,,,,50.8056399,4.17092,,,,,,,,,,,,,
,VENDREDI 27.O7,,,,visit,,,,,,,,,,,,,,COPROSAIN,"Chemin des Peupliers, 24 ",,,,,50.6377459,3.7780171,,,,,,,,,,,,,
,VENDREDI 27.O7,,,,visit,,,,,,,,,,,,,,NATURE ELEMENT,Rue Roc Saint-Nicaise 74,,,,,50.6049,3.38464,,,,,,,,,,,,,
,VENDREDI 27.O7,,,,visit,,,,,,,,,,,,,,MANNAVITA,Zuidstraat 10,,,,,50.81101,3.2177699,,,,,,,,,,,,,
,VENDREDI 27.O7,,,,visit,,,,,,,,,,,,,,PURASANA,Heulestraat 104,,,,,50.8426961,3.2163695,,,,,,,,,,,,,
,VENDREDI 27.O7,,,,visit,,,,,,,,,,,,,,Biofresh produits secs,Legen Heirweg 51,,,,,50.93486,3.64291,,,,,,,,,,,,,
,VENDREDI 27.O7,,,,visit,,,,,,,,,,,,,,HYGIENA,Europark Zuid-6 / G B,,,,,51.16104,4.17128,,,,,,,,,,,,,
,VENDREDI 27.O7,,,,visit,,,,,,,,,,,,,,BIODYVINO,Schelselei 15C,,,,,51.13087,4.37302,,,,,,,,,,,,,
,VENDREDI 27.O7,,,,visit,,,,,,,,,,,,,,Biofresh produits frais,Berkenhoekstraat 20,,,,,51.053,4.56765,,,,,,,,,,,,,
,VENDREDI 27.O7,,,,visit,,,,,,,,,,,,,,BIOSANO,Nijverheidsstraat 54F,,,,,51.20866,4.50783,,,,,,,,,,,,,
,VENDREDI 27.O7,,,,visit,,,,,,,,,,,,,,OCEBIO,Nijverheidsstraat 96,,,,,51.20961,4.5163399,,,,,,,,,,,,,
,VENDREDI 27.O7,,,,visit,,,,,,,,,,,,,,DEOR FOODS,St Gerebernusstraat 4,,,,,51.09893,4.94944,,,,,,,,,,,,,
,VENDREDI 27.O7,,,,visit,,,,,,,,,,,,,,HAGOR,Remylaan 4,,,,,50.9222899,4.7008599,,,,,,,,,,,,,
,VENDREDI 27.O7,,,,visit,,,,,,,,,,,,,,MARMA,Esperantolaan 5/A,,,,,50.80388,4.92051,,,,,,,,,,,,,
,VENDREDI 27.O7,,,,visit,,,,,,,,,,,,,,ECODIS GRODENT,Chemin Sur le Thier 3,,,,,50.4334599,6.01217,,,,,,,,,,,,,
,VENDREDI 27.O7,,,,visit,,,,,,,,,,,,,,MENAGROUP,Hermanne 20,,,,,50.40937,5.48724,,,,,,,,,,,,,
,VENDREDI 27.O7,,,,visit,,,,,,,,,,,,,,OASIS DES SAVEURS,"rue Gaston Dancôt, 41",,,,,50.53797,4.91342,,,,,,,,,,,,,
,VENDREDI 27.O7,,,,visit,,,,,,,,,,,,,,INTERBIO,Rue de la Basse Sambre 24,,,,,50.492,4.59323,,,,,,,,,,,,,
,VENDREDI 27.O7,,,,visit,,,,,,,,,,,,,,NATUR'INOV,Lambusart 24,,,,,50.45492,4.54308,,,,,,,,,,,,,
,VENDREDI 27.O7,,,,visit,,,,,,,,,,,,,,Ferme de la sève,Rue du Gros Buisson 1,,,,,50.4908,4.51896,,,,,,,,,,,,,
,VENDREDI 27.O7,,,,visit,,,,,,,,,,,,,,Solal sprl-Siège social,Rue du petit mont 8,,,,,50.5466,4.52309,,,,,,,,,,,,,
,VENDREDI 27.O7,,,,visit,,,,,,,,,,,,,,WELLNUTRIFOOD,"Drève de l'Infante, 27P3",,,,,50.71815,4.3865299,,,,,,,,,,,,,
,VENDREDI 27.O7,,,,visit,,,,,,,,,,,,,,VAJRA,Brusselsesteenweg 330,,,,,50.7820208,4.5113308,,,,,,,,,,,,,
,VENDREDI 27.O7,,,,visit,,,,,,,,,,,,,,EVEIL DES SENS,Avenue du Roi Chevalier 65,,,,,50.84469,4.4172399,,,,,,,,,,,,,
,VENDREDI 27.O7,,,,visit,,,,,,,,,,,,,,BELLE BULLE,Chaussée de Waterloo 677,,,,,50.81657,4.36654,,,,,,,,,,,,,
,VENDREDI 27.O7,,,,visit,,,,,,,,,,,,,,SUPERSEC SPRL,Rue des Tanneurs 62,,,,,50.83968,4.34655,,,,,,,,,,,,,
,VENDREDI 27.O7,,,,visit,,,,,,,,,,,,,,REGISANA,Boulevard de la Révision 101,,,,,50.8348299,4.3266099,,,,,,,,,,,,,
,VENDREDI 27.O7,,,,visit,,,,,,,,,,,,,,CHAMPIGNON DE BRUXELLES,Rue Ropsy Chaudron 24 bte 26,,,,,50.84293,4.32913,,,,,,,,,,,,,
,VENDREDI 27.O7,,,,visit,,,,,,,,,,,,,,DISTRIBIO,venue du Port 108-110,,,,,50.86838,4.35275,,,,,,,,,,,,,
,VENDREDI 27.O7,,,,visit,,,,,,,,,,,,,,BON PLAISIR,Rue Dieudonné Lefèvre 27,,,,,50.87085,4.35006,,,,,,,,,,,,,
,VENDREDI 27.O7,,,,visit,,,,,,,,,,,,,,TFCO LIEGE,"74, Rue des guillemins",,4000,liège,,50.62798,5.56695,,,TFCO,,,,,,,,,,
,VENDREDI 27.O7,,,,visit,,,,,,,,,,,,,,TFCO IXL -> LIEGE,"Avenue de l'hippodrome 75,",,1050,Ixelles,,50.82027,4.37682,pas dimanche soir,,,,,,,,,,,,
,VENDREDI 27.O7,,,,visit,,,,,,,,,,,,,,Resto Kolya (Bigh),Chaussée de Charleroi 100,,1060,Saint-Gilles,,50.82838,4.35573,,,,,,,,,,,,,
,VENDREDI 27.O7,,,,visit,,,,,,,,,,,,,,TFCO SENEFFE,Rue Jules Bordet 167 F,,7180,Seneffe,,50.506058,4.267502,,,TFCO,,0:45:00,,,,,,,,
,VENDREDI 27.O7,,,,visit,,,,,,,,,,,,,,Chalet Marché Noel Brugges,Grote markt,,8000,Brugge,,51.2089799,3.22471,,486951876,,,,,,,,,,,
,VENDREDI 27.O7,,,,visit,,,,,,,,,,,,,,TFCO SENEFFE,Rue jules bordet 167F,,7180,Seneffe,,50.506112,4.267416,,,TFCO,,0:45:00,,,,,,,,
,VENDREDI 27.O7,,,,visit,,,,,,,,,,,,,,TFCO AAL vidange,Molenstraat 22,,9300,Alost,,50.93903,4.04039,,,TFCO,,0:15:00,,,,,,,,
,VENDREDI 27.O7,,,,visit,,,,,,,,,,,,,,Peuplier ferme,rue de la bryle 59,,1390,Bossut Gottechain,,50.75609,4.7150999,Code entrée 123456 / pas d'alarme,0493 19 18 99,FARM,,0:20:00,,,,,,,,
,VENDREDI 27.O7,,,,visit,,,,,,,,,,,,,,Seve Ferme,Rue de fleurus 97,,6211,mellet,,50.4938,4.50601,Contact :Thomas,0495 99 17 83,,,0:20:00,,,,,,,,
,VENDREDI 27.O7,,,,visit,,,,,,,,,,,,,,Seve Ferme,Rue de fleurus 97,,6211,mellet,,50.4938,4.50601,,,,,0:20:00,,,,,,,,
,VENDREDI 27.O7,,,,visit,,,,,,,,,,,,,,Hesbaye Coopérative,rue de la station,,1357,helecine,,50.757757,5.009512,,,,,0:20:00,,,,,,,,
,VENDREDI 27.O7,,,,visit,,,,,,,,,,,,,,La Matelotte (Fish4you),Rue Vanderkindere 153,,1180,Uccle,,50.81378,4.3485699,,484888308,,,,,,,,,,,
,VENDREDI 27.O7,,,,visit,,,,,,,,,,,,,,NIPRO,Blokhuisstraat 40,,2800,Mechelen,,51.050486,4.457059,,0497/66.54.67,,,,,,,,,,,
,VENDREDI 27.O7,,,,visit,,,,,,,,,,,,,,Villa Loraine,Avenue du vivier d'oie 75,,1000,Bruxelles,,50.79946,4.37858,Avant 10h,,,,,,,,,,,,
,VENDREDI 27.O7,,,,visit,,,,,,,,,,,,,,PURATOS,Industrielaan 25,,1702,groot bijgarden,,50.88038,4.27037,Entre 6h45 et 8h,,,,,,,,,,,,
,VENDREDI 27.O7,,,,visit,,,,,,,,,,,,,,BRASSERIE DE LA SENNE,Chaussée de Gand 565,,1120,neder over hembeek,,50.90028,4.39824,,,,,,,,,,,,,
,VENDREDI 27.O7,,,,visit,,,,,,,,,,,,,,Fonteyne The Kitchen,rue des lutins 8,,1190,Forest,,50.79962,4.31519,,,,,,,,,,,,,
,VENDREDI 27.O7,,,,visit,,,,,,,,,,,,,26,DOLMA,21 rue de vergnies,,1050,Ixelles,,50.829,4.3712799,,,Ecodal,,,,,,,,,,
,VENDREDI 27.O7,,,,visit,,,,,,,,,,,,,27,BelgoMarkt Coop.,Rue de dublin 19,,1050,Ixelles,,50.83711,4.3672,,,Ecodal,,,,,,,,,,
,VENDREDI 27.O7,,,,visit,,,,,,,,,,,,,Cdc,Chant des Cailles,22 Avenue Léopold Wiener,Grille à gauche du batiment. Batiment au fond à droite,1170,Watermael Boitsfort,,50.80812,4.40744,Passer à gauche de la résidence Sainte-Anne jusqu'au petit bâtiment légèrement isolé (au fond). La grille sera ouverte,0494344498 ou 0489909606,FARM,,,,,,,,,,
,VENDREDI 27.O7,,,,visit,,,,,,,,,,,,,CarF,Carfrig,Bergestraat 243,Code boite 2070,1730,Asse,,50.8981745,4.2169664,,0472 04 94 94,,,,,,,,,,,
,VENDREDI 27.O7,,,,visit,,,,,,,,,,,,,SAB,TFCO Sablon,Rue Joseph Stevens 34,,1000,Bruxelles,,50.84155,4.35337,,,,,,,,,,,,,
,VENDREDI 27.O7,,,,visit,,,,,,,,,,,,,SODeuro,Sodexo Euroclear,"1, Boulevard du Roi Albert II",,1210,Bruxelles,,50.8564099,4.35606,"L'accès au quai de livraison se fait à l'arrière du Bâtiment
au croisement de la Rue des Croisades et la rue du Marché",0475.54.35.66,Nos Pilifs,,,,,,,,,,
,VENDREDI 27.O7,,,,visit,,,,,,,,,,,,,38,Bio c'Bon Stockel,Rue de l'église 120-122,,1150,Woluwe-Saint-Pierre,,50.84057,4.4650299,mercredi et samedi,,Ecodal,,,,,,,,,,
,VENDREDI 27.O7,,,,visit,,,,,,,,,,,,,HH,HeerenHuis (TFCO),"Van Praetstraat, 140",,2660,Hoboken,,51.1594,4.3391,,,,,,,,,,,,,
,VENDREDI 27.O7,,,,visit,,,,,,,,,,,,,Verpa,VERPA,Nikelaan 4,,2430,vorst-lakdal,,51.0979,5.07883,,,,,,,,,,,,,
,VENDREDI 27.O7,,,,visit,,,,,,,,,,,,,Celab,CELABOR,Avenue du Parc 38,,4650,Herve,,50.62492,5.83235,,,,,,,,,,,,,
,VENDREDI 27.O7,,,,visit,,,,,,,,,,,,,,chocolate,quai de boulogne 1,,94150,rungis,,48.75875,2.35207,,,,,,,,,,,,,
,VENDREDI 27.O7,,,,visit,,,,,,,,,,,,,KBCleubrust,KBC LEUbrust,Brusselsesteenweg 100,,3000,LEUVEN,,50.88606,4.67751,,,TFCO,,,,,,,,,,
,VENDREDI 27.O7,,,,visit,,,,,,,,,,,,,,KBC LEUtiens,Professor Roger Van Overstraetenplein 2,,3000,Leuven,,50.87864,4.71638,,,TFCO,,,,,,,,,,
,VENDREDI 27.O7,,,,visit,,,,,,,,,,,,,,KBC MCresto,Geerdegemdries 21,,2800,Mechelen,,51.00596,4.46963,,,TFCO,,,,,,,,,,
,VENDREDI 27.O7,,,,visit,,,,,,,,,,,,,EXKI1,EXKI Villeneuve,Avenue de l'Avenir 21,,59650,Villeneuve-d'Ascq,France,50.617144,3.124344,,,Sumy,,0:30:00,,,,,,,1,
,VENDREDI 27.O7,,,,visit,,,,,,,,,,,,,EXKI2,EXKI Lille,Place de Béthune 13,,59000,Lille,France,50.632802,3.062385,,,,,0:30:00,,,,,,,,
,VENDREDI 27.O7,,,,visit,,,,,,,,,,,,,EXKI3,EXKI National,Rue Nationale 70,,59000,Lille,France,50.633174,3.053782,,,,,0:45:00,,,,,,,1,
,VENDREDI 27.O7,,,,visit,,,,,,,,,,,,,EXKI4,EXKI Tournai,Boulevard Walter de Marvis 22,,7500,Tournai,Belgique,50.6030294,3.4041184,,,,,0:30:00,,,,,,,1,
,VENDREDI 27.O7,,,,visit,,,,,,,,,,,,,Biocbon1,Bio C'Bon Faidherbe,Rue Faidherbe 36,,59800,Lille,France,50.636854,3.067183,,,,,0:30:00,,,,,,,,
,VENDREDI 27.O7,,,,visit,,,,,,,,,,,,,Biocbon2,Bio C'Bon Monnaie,35 Rue de la Monnaie,,59800,Lille,France,50.640923,3.062979,,,,,0:30:00,,,,,,,,
,VENDREDI 27.O7,,,,visit,,,,,,,,,,,,,Biocbon3,Bio C'Bon Jaurès,217 Rue Jean Jaurès,,59160,Lille,France,50.642932,3.012191,,,,,0:45:00,,,,,,,1,
,VENDREDI 27.O7,,,,visit,,,,,,,,,,,,,Biocbon4,Bio C'Bon Esquermoise,57-61 Rue Esquermoise,,59000,Lille,France,50.638225,3.060747,,,,,0:45:00,,,,,,,,
,VENDREDI 27.O7,,,,visit,,,,,,,,,,,,,Biocbon5,Bio C'Bon Solférino,154 Rue Solférino,,59000,Lille,France,50.631295,3.054457,,,,,0:45:00,,,,,,,1,
,VENDREDI 27.O7,,,,visit,,,,,,,,,,,,,Biocoop1,BioCoop Solférino,98 Rue Solférino,,59000,Lille,France,50.632951,3.051298,,,,,0:45:00,,,,,,,,
,VENDREDI 27.O7,,,,visit,,,,,,,,,,,,,Biocoop2,BioCoop Aventure,9 Place Nouvelle Aventure,,59000,Lille,France,50.626909,3.049818,,,,,0:30:00,,,,,,,,
,VENDREDI 27.O7,,,,visit,,,,,,,,,,,,,Biocoop3,BioCoop Postes,23 Rue des Postes,,59120,Lille,France,50.627506,3.057611,,,,,0:30:00,,,,,,,,
,VENDREDI 27.O7,,,,visit,,,,,,,,,,,,,Biocoop4,BioCoop Molinel,86 Rue du Molinel,,59000,Lille,France,50.633959,3.066708,,,,,0:45:00,,,,,,,,
,VENDREDI 27.O7,,,,visit,,,,,,,,,,,,,,POMPE GAZ LILLE,Rue du Pic au Vent 200,,59810,Lesquin,France,50.581176,3.110105,,,,,,,,,,,,,
,VENDREDI 27.O7,,,,visit,,,,,,,,,,,,,,SUMY LILLE,Rue Marcel Sembat,,59810,Lesquin,France,50.592199,3.128385,,,,,0:30:00,,,,,,,,
,VENDREDI 27.O7,,,,visit,,,,,,,,,,,,,,SUMY LILLE,Rue Marcel Sembat,,59810,Lesquin,France,50.592199,3.128385,,,,,0:30:00,,,,,,,,
,VENDREDI 27.O7,,,,visit,,,,,,,,,,,,,,SUMY LILLE,Rue Marcel Sembat,,59810,Lesquin,France,50.592199,3.128385,,,,,0:45:00,,,,,,,1,
,VENDREDI 27.O7,,,,visit,,,,,,,,,,,,,Air Liquide,Air Liquide,Rue du pic au vent,,59,Lesquin,France,50.581176,3.110105,,,CENTER,,0:15:00,,,,,,,,
,VENDREDI 27.O7,,,,visit,,,,,,,,,,,,,Air Liquide,Air Liquide,Rue du pic au vent,,,Lesquin,France,50.581176,3.110105,,,,,,,,,,,,,
,VENDREDI 27.O7,,,,visit,,,,,,,,,,,,,,mercedes liège,rue haie leruth 2,04 263 38 75,4432,liège,Belgique,50.67011,5.5306,,22623255,,,,,,,,,,,
,VENDREDI 27.O7,,,,visit,,,,,,,,,,,,,,SUMY Lille,Rue Marcel Sembat,,59,Lesquin,France,50.592199,3.128385,,,,,,,,,,,,,
,VENDREDI 27.O7,,,,visit,,,,,,,,,,,,,5005644,BC ONE Corper Vil,DA VINCILAAN 9,,1930,Zaventem,,50.88932,4.45812,,,,,,,,,,,,,
,VENDREDI 27.O7,,,,visit,,,,,,,,,,,,,576703,PWC WOLUWE,Boulevard de la Woluwe 18,,1932,Woluwe St Pierre,,50.83506,4.43334,,,,,,,,,,,,,
,VENDREDI 27.O7,,,,visit,,,,,,,,,,,,,,AUREX,Brusselsesteenweg 347,,1730,Kobbegem,,50.89552,4.24239,,,,,,,,,,,,,
,VENDREDI 27.O7,,,,visit,,,,,,,,,,,,,350457,LINKLATERS,Brederodestraat 13,,1000,Bruxelles,,50.84045,4.3609,,,,,,,,,,,,,
,VENDREDI 27.O7,,,,visit,,,,,,,,,,,,,113656,CLEARY GOTTLIEB,J. De Lalaing 4,,1040,Bruxelles,,50.84398,4.37293,,,,,,,,,,,,,
,VENDREDI 27.O7,,,,visit,,,,,,,,,,,,,366397,DE WARANDE,Zinnerstraat 1,,1000,Bruxelles,,50.84435,4.36644,,,,,,,,,,,,,
,VENDREDI 27.O7,,,,visit,,,,,,,,,,,,,,BRU AIRLINES,Ringlaan,,1930,Zaventem,,50.894889,4.462154,,,,,,,,,,,,,
,VENDREDI 27.O7,,,,visit,,,,,,,,,,,,,,MAJOR EVENT ATOMIUM,Avenue de l'atomium,,1020,neder over hembeek,,50.897,4.34442,MATHIEU 0472/519.108  TENTES  welldones,,,,,,,,,,,,
,VENDREDI 27.O7,,,,visit,,,,,,,,,,,,,,MAJOR EVENT PALAIS,Place des palais,,1000,Bruxelles,,50.843906,4.365634,CONTACT : Vanessa Amor  0497482778,,,,,,,,,,,,
,VENDREDI 27.O7,,,,visit,,,,,,,,,,,,,Ch1,RETRAIT PAIN,42 avenue de l'université,,1050,Bruxelles,,50.81469,4.38779,,,,,,,,,,,,,
,VENDREDI 27.O7,,,,visit,,,,,,,,,,,,,ch2,Sequoia Stockel,"Rue de l’Église, 101",,1150,Bruxelles,,50.8406499,4.4631,,,Chambelland,,,,,,,,,,
,VENDREDI 27.O7,,,,visit,,,,,,,,,,,,,ch3,Sequoia Keym,"Rue des Bégonias, 10-16",,1170,Bruxelles,,50.81059,4.40358,,,Chambelland,,,,,,,,,,
,VENDREDI 27.O7,,,,visit,,,,,,,,,,,,,ch4,Sequoia Hoeilaart,"Overijsesteenweg, 73",,1560,Hoeilaart,,50.76986,4.47961,,,Chambelland,,,,,,,,,,
,VENDREDI 27.O7,,,,visit,,,,,,,,,,,,,ch5,Sequoia Wavre,"Chaussée de Namur, 223A",,1300,Wavre,,50.69486,4.6150399,,,Chambelland,,,,,,,,,,
,VENDREDI 27.O7,,,,visit,,,,,,,,,,,,,ch6,Sequoia Waterloo,"Chaussée de Bruxelles, 63",,1410,Waterloo,,50.72535,4.39876,,,Chambelland,,,,,,,,,,
,VENDREDI 27.O7,,,,visit,,,,,,,,,,,,,ch7,Sequoia Uccle,"Chaussée de Saint-Job, 532",,1180,Bruxelles,,50.79286,4.35923,,,Chambelland,,,,,,,,,,
,VENDREDI 27.O7,,,,visit,,,,,,,,,,,,,ch8,Sequoia Enghien,"Pavé de Soignies, 87B",,7850,Enghien,,50.68314,4.03116,,,Chambelland,,,,,,,,,,
,VENDREDI 27.O7,,,,visit,,,,,,,,,,,,,ch9,Odette en ville,rue du Châtelain 25,,1050,Bruxelles,,50.82599,4.3628,,,Chambelland,,,,,,,,,,
,VENDREDI 27.O7,,,,visit,,,,,,,,,,,,,ch10,LABEL GREEN,Rue Alphonse Renard 12,,1050,Bruxelles,,50.8185,4.35821,,,Chambelland,,,,,,,,,,
,VENDREDI 27.O7,,,,visit,,,,,,,,,,,,,ch11,Otap,Place Albert Leemans 10,,1050,Bruxelles,,50.8225,4.36299,,,Chambelland,,,,,,,,,,
,VENDREDI 27.O7,,,,visit,,,,,,,,,,,,,,MDH FOOD,Chaussée de Mons 2,,1600,Bruxelles,,50.84455,4.33835,,,,,,,,,,,,,
,VENDREDI 27.O7,,,,visit,,,,,,,,,,,,,,MIA TRADING,Quai des Usines 22,,1000,Bruxelles,,50.8762782,4.3645295,,,,,,,,,,,,,
,VENDREDI 27.O7,,,,visit,,,,,,,,,,,,,,Parlement Flamand,Leuvenseweg 86,,1000,Bruxelles,,50.8481,4.36774,,,Nos Pilifs,,,,,,,,,,
,VENDREDI 27.O7,,,,visit,,,,,,,,,,,,,,Sodexo EUROCONTROL,Rue de la Fusée 96,,1130,Bruxelles,,50.8808186,4.4325269,Avant 10h,0497/56 58 83,,,,,,,,,,,
,VENDREDI 27.O7,,,,visit,,,,,,,,,,,,,ISPCG45a,ISPC Gand,Ottergemsesteenweg - Zuid 720,,9000,Gent,,51.016401,3.735867,,,,,0:45:00,,,,,,,,
,VENDREDI 27.O7,,,,visit,,,,,,,,,,,,,ISPCG1,ISPC Gand 1h,Ottergemsesteenweg - Zuid 720,,9000,Gent,,51.016401,3.735867,,,,,1:00:00,,,,,,,,
,VENDREDI 27.O7,,,,visit,,,,,,,,,,,,,555883,PROCTER & GAMBLE,Temselaan 100,,1853,Grimbergen,,50.9048921,4.3416358,,,,,,,,,,,,,
,VENDREDI 27.O7,,,,visit,,,,,,,,,,,,,356961,FRESHFIELDS,Marsveldplein 5,,1050,Bruxelles,,50.83822,4.36302,,,,,,,,,,,,,
,VENDREDI 27.O7,,,,visit,,,,,,,,,,,,,212250,BAR MARIE-SANOMA,Stationsstraat 55,,2800,Mechelen,,51.0170789,4.4810473,,,,,,,,,,,,,
,VENDREDI 27.O7,,,,visit,,,,,,,,,,,,,201827,Van Gansbeke Wouter/KPMG,bourgetlaan 40,,1130,Bruxelles,,50.8778651,4.4316187,,,,,,,,,,,,,
,VENDREDI 27.O7,,,,visit,,,,,,,,,,,,,236287,TV BASTARDS - STUDIO A,Famililaan 7,,3190,Boortmeerbeek,,50.9782,4.5734,,,,,,,,,,,,,
,VENDREDI 27.O7,,,,visit,,,,,,,,,,,,,457217,VTM,Medialaan 1,,1800,Vilvoorde,,50.9141795,4.4001412,,,,,,,,,,,,,
,VENDREDI 27.O7,,,,visit,,,,,,,,,,,,,5003094,DELOITTE,Leopoldlaan,,1934,Zaventem,,50.89387,4.47285,,,,,,,,,,,,,
,VENDREDI 27.O7,,,,visit,,,,,,,,,,,,,154062,WERELDHAVEN,Medialaan 28 B,,1800,Vilvoorde,,50.91538,4.39954,,,,,,,,,,,,,
,VENDREDI 27.O7,,,,visit,,,,,,,,,,,,,318754,TELENET WOLUWE (BASE ),Neerveldstraat 105,,1200,Bruxelles,,50.85228,4.4417799,,,,,,,,,,,,,
,VENDREDI 27.O7,,,,visit,,,,,,,,,,,,,5001908,BEAUCOUP FISH,Rue Van Gaver 2,,1000,Bruxelles,,50.85579,4.35118,,,,,,,,,,,,,
,VENDREDI 27.O7,,,,visit,,,,,,,,,,,,,5003093,ALCOPA,Pierstraat 231,,2550,Kontich,,51.12901,4.42209,,,,,,,,,,,,,
,VENDREDI 27.O7,,,,visit,,,,,,,,,,,,,212892,ZOETIS,Mercuriusstraat 20,,1930,Zaventem,,50.8754,4.50518,,,,,,,,,,,,,
,VENDREDI 27.O7,,,,visit,,,,,,,,,,,,,382205,SANOMA,stationstaat 55,,2800,MECHELEN,,51.02893,4.48545,,,,,,,,,,,,,
,VENDREDI 27.O7,,,,visit,,,,,,,,,,,,,940719,THE HUB,Telecomlaan 9,,1831,Machelen,,50.88331,4.44102,,,,,,,,,,,,,
,VENDREDI 27.O7,,,,visit,,,,,,,,,,,,,441223,BC ONE,Medialaan 50,,1800,Vilvoorde,,50.91465,4.39492,,,,,,,,,,,,,
,VENDREDI 27.O7,,,,visit,,,,,,,,,,,,,849913,TELENET MALINES,Liersesteenweg 4,,2800,Mechelen,,51.0349999,4.48421,,,,,,,,,,,,,
,VENDREDI 27.O7,,,,visit,,,,,,,,,,,,,309578,BC One 4 / CARGILL,Bedrijvenlaan 13,,2800,Mechelen,,51.0025,4.46584,,,,,,,,,,,,,
,VENDREDI 27.O7,,,,visit,,,,,,,,,,,,,289627,BC One 2 / IKAROS,Ikaroslaan 5,,1930,Zaventem,,50.87562,4.4938,,,,,,,,,,,,,
,VENDREDI 27.O7,,,,visit,,,,,,,,,,,,,,DB RENT,CHEMIN SABLONNEUX  96,1745 MAZENZELE-OPWIJK,1745,MAZENZELE-OPWIJK,,50.94174,4.17115,,,,,,,,,,,,,
,VENDREDI 27.O7,T1V1 BEN,,0,store,,,0:00,0,0,,,,,,,,,SUMY,avenue de bejar laan,,1120,neder over hembeek,,50.911124,4.404917,,,,,,,,,,,,,
,VENDREDI 27.O7,T1V1 BEN,,1,visit,1,,0:15,14446.6,954,,,,,,,,WGH,TFCO WGH,Avenue Georges Henri 205,,1200,Woluwé-Saint-Lambert,,50.84471,4.41684,fermé le lundi,,TFCO,,0:20:00,,,,,,,,
,VENDREDI 27.O7,T1V1 BEN,,2,visit,1,,0:44,4199.4,512,,,,,,,,AUDvid,TFCO AUD,Square Jean Baptiste De Greef 2,,1160,AUDERGHEM,,50.82046,4.40897,,,TFCO,,0:20:00,,,,,,,,
,VENDREDI 27.O7,T1V1 BEN,,3,visit,1,,1:24,20748.1,1218,,,,,,,,SUMY25m,SUMY 25 MIN 2,Avenue De Béjar 1AE,,1120,neder over hembeek,,50.910867,4.403383,,,Sumy,,0:25:00,,,,,,,,
,VENDREDI 27.O7,T1V1 BEN,,4,visit,1,,2:04,11382,884,,,,,,,,JET,TFCO JETte,Chaussée de Wemmel 10,,1090,Jette,,50.87324,4.32529,Livraison entre 19h et 6h,,TFCO,,0:20:00,,,,,,"TFCO,TFCO,TFCO",,
,VENDREDI 27.O7,T1V1 BEN,,5,visit,1,,2:51,25677.2,1616,,,,,,,,AAL,TFCO AAL,Molenstraat 22,,9300,Alost,,50.93903,4.04039,fermé lundi.,,TFCO,,0:20:00,,,,,,"TFCO,TFCO",,
,VENDREDI 27.O7,T1V1 BEN,,6,visit,1,,3:47,41519.1,2141,,,,,,,,LINDD1,LINDD,Kleemstraat 69,,9041,Oostakker,,51.09705,3.75923,,,,,,,,,,,,,
,VENDREDI 27.O7,T1V1 BEN,,7,visit,1,,4:25,17091.4,1377,,,,,,,,GEL1,TFCO GENT,François Laurentplein 35,,9000,Gent,,51.05074,3.72846,Livraison entre 19h et 6h,,TFCO,,0:20:00,,,,,,,,
,VENDREDI 27.O7,T1V1 BEN,,8,visit,1,,5:20,46125.6,2117,,,,,,,,KOR1,TFCO KOR,Doorniksewijk 136,,8500,KORTRIJK,,50.81933,3.26903,fermé le lundi  livraison entre 19h - 06h,,TFCO,,0:20:00,,,,,,,,
,VENDREDI 27.O7,T1V1 BEN,,9,visit,1,,6:49,96721.7,4122,,,,,,,,DATSGRIM1,DATS GRIMBERGEN,Vilvoordsesteenweg 301,,1850,Grimbergen,,50.92705,4.3914,,,Dats,,0:10:00,,,,,,,,
,VENDREDI 27.O7,T1V1 BEN,,10,store,,,7:09,5273.6,608,,,,,,,,,SUMY,avenue de bejar laan,,1120,neder over hembeek,,50.911124,4.404917,,,,,,,,,,,,,
,VENDREDI 27.O7,T2V2 THIBAULT+ MYKHA 23h,,0,store,,,19:00,0,0,,,,,,,,,SUMY,avenue de bejar laan,,1120,neder over hembeek,,50.911124,4.404917,,,,,,,,,,,,,
,VENDREDI 27.O7,T2V2 THIBAULT+ MYKHA 23h,,1,visit,1,,19:23,23853.5,1406,,,,,,,,FARM COOK2,FARM COOKING,avenue du Bois de la Cambre 49,,1050,Ixelles,Belgique,50.80935,4.3949999,Code Volet 8110,Louis  0473762212,FARM,,0:20:00,,,,,4,,,
,VENDREDI 27.O7,T2V2 THIBAULT+ MYKHA 23h,,2,visit,1,,20:06,22716.7,1376,,,,,,,,SUMY15c,SUMY 15 MIN,Avenue De Béjar 1AE,,1120,neder over hembeek,,50.911043,4.403318,,,Sumy,,0:15:00,,,,,,,,
,VENDREDI 27.O7,T2V2 THIBAULT+ MYKHA 23h,,3,visit,1,,20:36,15854,887,,,,,,,,FARM TONGRES1,FARM TONGRES,AVENUE GEORGES HENRI 513,,1200,woluwe saint lambert,,50.8411199,4.40175,CODE: 176169,,FARM,,0:30:00,,,,,,,,
,VENDREDI 27.O7,T2V2 THIBAULT+ MYKHA 23h,,4,visit,1,,21:22,16774.9,975,,,,,,,,SUMY25d,SUMY 25 MIN,Avenue De Béjar 1AE,,1120,neder over hembeek,,50.911097,4.40349,,,Sumy,,0:25:00,,,,,,,,
,VENDREDI 27.O7,T2V2 THIBAULT+ MYKHA 23h,,5,visit,1,,22:07,18136.4,1179,,,,,,,,FARM HANKAR,FARM HANKAR,Chaussée de Wavre 1080,,,,,50.82346,4.40209,CODE: 9104,,FARM,,0:30:00,,,,,,,,
,VENDREDI 27.O7,T2V2 THIBAULT+ MYKHA 23h,,6,visit,1,,22:56,18974.6,1189,,,,,,,,SUMY25b,SUMY 25 MIN,Avenue De B?jar  1EA,,1120,neder over hembeek,,50.911107,4.403232,,,"""""",,0:25:00,,,,,,,,
,VENDREDI 27.O7,T2V2 THIBAULT+ MYKHA 23h,,7,visit,1,,23:45,20001.6,1406,,,,,,,,FARbs,FARM BASCULE,Rue Vanderkindere 546,,,,,50.814585,4.365606,,,FARM,,0:30:00,,,,,,,,
,VENDREDI 27.O7,T2V2 THIBAULT+ MYKHA 23h,,8,store,,,24:40:00,21348.3,1528,,,,,,,,,SUMY,avenue de bejar laan,,1120,neder over hembeek,,50.911124,4.404917,,,,,,,,,,,,,
,VENDREDI 27.O7,T3V3 ALEM-ATMAN,,0,store,,,20:00,0,0,,,,,,,,,SUMY,avenue de bejar laan,,1120,neder over hembeek,,50.911124,4.404917,,,,,,,,,,,,,
,VENDREDI 27.O7,T3V3 ALEM-ATMAN,,1,visit,1,,20:22,9049,1372,,,,,,,,FARMstc,FARM ST CATH,Rue du rouleau 12,,1000,bruxelles,,50.85269,4.3483599,CODE: 181618,,FARM,,0:30:00,,,,,,,,
,VENDREDI 27.O7,T3V3 ALEM-ATMAN,,2,visit,1,,21:12,8563.9,1168,,,,,,,,SUMY15d,SUMY 25 MIN,Avenue De Béjar 1AE,,1120,neder over hembeek,,50.911067,4.403506,,,Sumy,,0:25:00,,,,,,,,
,VENDREDI 27.O7,T3V3 ALEM-ATMAN,,3,visit,1,,21:59,18566.6,1302,,,,,,,,FARM FC-IXL1,FARM FC-IXL,136 chaussée d'Ixelles,,1050,IXELLES,,50.83424,4.36542,CODE: 125874,,FARM,,0:30:00,,,,,,,,
,VENDREDI 27.O7,T3V3 ALEM-ATMAN,,4,visit,1,,22:51,19743,1346,,,,,,Planned,,SUMY60f,SUMY 25 MIN,Avenue De Béjar 1AE,,1120,neder over hembeek,,50.911111,4.403479,,,Sumy,,0:25:00,,,,,,,,
,VENDREDI 27.O7,T3V3 ALEM-ATMAN,,5,visit,1,,23:36,21446.5,1197,,,,,,,,DATSOVE,Dats Overijse,Brusselsesteenweg 361,,3090,Overijse,,50.78348,4.5058,,,,,0:10:00,,,,,,,,
,VENDREDI 27.O7,T3V3 ALEM-ATMAN,,6,visit,1,,23:48,699.8,107,,,,,,Planned,,OVE1,TFCO OVErijse,Brusselsesteenweg 410,,3090,Overijse,,50.78654,4.50019,,,TFCO,,0:20:00,,,,,,,,
,VENDREDI 27.O7,T3V3 ALEM-ATMAN,,7,visit,1,,24:24:00,16162.7,948,,,,,,Planned,,WAV1,TFCO WAVRE,Avenue des Princes 52,,1300,Wavre,,50.71678,4.61559,fermé le lundi,,TFCO,,0:20:00,,,,,,,,
,VENDREDI 27.O7,T3V3 ALEM-ATMAN,,8,visit,1,,24:56:00,7706.1,754,,,,,,Planned,,FARMlln,FARM LLN,Traverse d'Esope,,1348,Ottignies,,50.6689,4.61494,CODE:1254,,FARM,,0:20:00,,,,,,,,
,VENDREDI 27.O7,T3V3 ALEM-ATMAN,,9,visit,1,,25:40:00,18250.7,1461,,,,,,Planned,,LH1,TFCO LH Hulpe,Chaussée de Bruxelles 2,,1310,LA Hulpe,,50.73138,4.4809,fermé le lundi.,,TFCO,,0:20:00,,,,,,,,
,VENDREDI 27.O7,T3V3 ALEM-ATMAN,,10,store,,,26:25:00,27179.3,1472,,,,,,,,,SUMY,avenue de bejar laan,,1120,neder over hembeek,,50.911124,4.404917,,,,,,,,,,,,,
,VENDREDI 27.O7,T4V4 WILLIAM -DIALLO,,0,store,,,0:00,0,0,,,,,,,,,SUMY,avenue de bejar laan,,1120,neder over hembeek,,50.911124,4.404917,,,,,,,,,,,,,
,VENDREDI 27.O7,T4V4 WILLIAM -DIALLO,,1,visit,1,,0:24,20451.5,1497,,,,,,,,VDK,TFCO VDK,Rue Vanderkindere 367,,1180,Uccle,,50.81422,4.35891,Livraison entre 19h et 6h,,TFCO,,0:20:00,,,,,,TFCO,,
,VENDREDI 27.O7,T4V4 WILLIAM -DIALLO,,2,visit,1,,0:50,1981.2,325,,,,,,,,IXL,TFCO IXL,Avenue de l'hippodrome 75,,1050,Ixelles,,50.82027,4.37682,,,TFCO,,0:45:00,,,,,,,,
,VENDREDI 27.O7,T4V4 WILLIAM -DIALLO,,3,visit,1,,1:47,3486.9,753,,,,,,,,TFCO SABLON,TFCO SABLON,Rue Joseph Stevens 34,,1000,BRUXELLES,Belgique,50.84155,4.35337,,,,,0:20:00,,,,,,,,
,VENDREDI 27.O7,T4V4 WILLIAM -DIALLO,,4,visit,1,,2:22,2757.1,858,,,,,,,,357715a,OCEAN MAREE,Quai de l' Industrie 214,,,,,50.83987,4.32004,,,,,,,,,,,,,
,VENDREDI 27.O7,T4V4 WILLIAM -DIALLO,,5,visit,1,,2:56,19012.6,1174,,,,,,,,SUMY25a,SUMY 25 MIN,Avenue De B?jar  1EA,,1120,neder over hembeek,,50.911107,4.403232,,,"""""",,0:25:00,,,,,,,,
,VENDREDI 27.O7,T4V4 WILLIAM -DIALLO,,6,visit,1,,3:41,21676.9,1183,,,,,,,,MCH2,TFCO MA Malines,hoogstraat 66,,2800,MALINES,,51.02265,4.47407,Fermé lundi et mardi  livraison entre 19h et 6h,,TFCO,,0:15:00,,,,,,,,
,VENDREDI 27.O7,T4V4 WILLIAM -DIALLO,,7,visit,1,,4:21,24473.1,1495,,,,,,,,,TFCO ANV VOLK,VOLKSTRAAT 8,,2000,Antwerpen,,51.21187,4.39655,,,TFCO,,0:20:00,,,,,,,,
,VENDREDI 27.O7,T4V4 WILLIAM -DIALLO,,8,visit,1,,4:51,1277.7,614,,,,,,,,Bia,BIA MARA ANVERS,Maalderijstraat 1-5,,2000,ANTWERPEN,,51.22089,4.40053,,,OM,,0:15:00,,,,,,,,
,VENDREDI 27.O7,T4V4 WILLIAM -DIALLO,,9,visit,1,,5:30,13196.4,1415,,,,,,,,BRA,TFCO ANV BRASSCHAT,212 Bredabaan,,2930,antwerpen,,51.28897,4.48895,,livraison entre 19h-06h,TFCO,,0:20:00,,,,,,,,
,VENDREDI 27.O7,T4V4 WILLIAM -DIALLO,,10,store,,,6:31,55622.4,2501,,,,,,,,,SUMY,avenue de bejar laan,,1120,neder over hembeek,,50.911124,4.404917,,,,,,,,,,,,,
,VENDREDI 27.O7,T5V2 MYKHA,,0,store,,,0:00,0,0,,,,,,,,,SUMY,avenue de bejar laan,,1120,neder over hembeek,,50.911124,4.404917,,,,,,,,,,,,,
,VENDREDI 27.O7,T5V2 MYKHA,,1,visit,1,,0:16,14642.7,986,,,,,,,,STO2,TFCO STOckel,Avenue Orban 227,,1150,Woluwe St Pierre,,50.8388599,4.46446,fermé le lundi,,TFCO,,0:20:00,,,,,,,,
,VENDREDI 27.O7,T5V2 MYKHA,,2,visit,1,,0:59,23864.4,1407,,,,,,,,LEU,TFCO LEUVEN,30 Mechelsestraat,,3000,LEUVEN,,50.88075,4.70009,Fermé dimanche et lundi,,TFCO,,0:30:00,,,,,,"TFCO,TFCO",,
,VENDREDI 27.O7,T5V2 MYKHA,,3,visit,1,,2:31,82161.8,3686,,,,,,,,LGG,TFCO LIEGE,74 Rue des Guillemins,,4000,liege,,50.62798,5.56695,,,TFCO,,0:20:00,,,,,,,,
,VENDREDI 27.O7,T5V2 MYKHA,,4,visit,1,,4:08,100675.6,4642,,,,,,,,,TFCO GERPINNES,rue neuve 2,,6280,Gerpinnes,,50.34369,4.47261,,,TFCO,,0:20:00,,,,,,,,
,VENDREDI 27.O7,T5V2 MYKHA,,5,visit,1,,5:10,49194,2507,,,,,,,,DatsWater,Dats Waterloo,CHAUSSEE DE TUBIZE 489,,1420,Braine-l'Alleud,,50.69076,4.32587,,,Dats,,0:10:00,,,,,,,,
,VENDREDI 27.O7,T5V2 MYKHA,,6,visit,1,,5:31,7059.4,682,,,,,,,,WOO,TFCO WOO Waterloo,Chaussée de Bruxelles 184,,1410,Waterloo,,50.7206199,4.39757,Livraison entre 19h et 6h,,TFCO,,0:30:00,,,,,,TFCO,,
,VENDREDI 27.O7,T5V2 MYKHA,,7,visit,1,,6:16,8604.3,858,,,,,,,,UVO,TFCO UVO,Chaussée de Waterloo 1223,,1180,Uccle,,50.7946,4.37342,Livraison entre 19h et 6h,,TFCO,,0:20:00,,,,,,TFCO,,
,VENDREDI 27.O7,T5V2 MYKHA,,8,store,,,7:03,27634.5,1660,,,,,,,,,SUMY,avenue de bejar laan,,1120,neder over hembeek,,50.911124,4.404917,,,,,,,,,,,,,
,VENDREDI 27.O7,T6V1 JAFFE,,0,store,,,6:00,0,0,,,,,,,,,SUMY,avenue de bejar laan,,1120,neder over hembeek,,50.911124,4.404917,,,,,,,,,,,,,
,VENDREDI 27.O7,T6V1 JAFFE,,2,store,,,6:56,19132.4,1196,,,,,,,,,SUMY,avenue de bejar laan,,1120,neder over hembeek,,50.911124,4.404917,,,,,,,,,,,,,
,VENDREDI 27.O7,T8F,,0,store,,,19:00,0,0,,,,,,,,,SUMY,avenue de bejar laan,,1120,neder over hembeek,,50.911124,4.404917,,,,,,,,,,,,,
,VENDREDI 27.O7,T8F,,1,visit,0,,,,1,,,,,,,,Sumy25e,SUMY 25 min,Avenue de Béjar 1,,1120,neder over hembeek,,50.91109,4.405019,,,,,0:25:00,,,,,,,,
,VENDREDI 27.O7,T8F,,2,store,,,19:00,0,0,,,,,,,,,SUMY,avenue de bejar laan,,1120,neder over hembeek,,50.911124,4.404917,,,,,,,,,,,,,
,VENDREDI 27.O7,T7F,,0,store,,,7:00,0,0,,,,,,,,,SUMY,avenue de bejar laan,,1120,neder over hembeek,,50.911124,4.404917,,,,,,,,,,,,,
,VENDREDI 27.O7,T7F,,1,visit,0,,,,,,,,,,,,TFCOSEN4,TFCO SENEFFE,Rue Jules Bordet 167 F,,7180,seneffe,,50.505976,4.267244,,,TFCO,,,,,,,,,,
,VENDREDI 27.O7,T7F,,2,visit,0,,,,0,,,,,,,,Sumy2hB,SUMY 1H,Avenue de Béjar 1,,1120,neder over hembeek,,50.911073,4.404965,,,,,1:00:00,,,,,,,,
,VENDREDI 27.O7,T7F,,3,visit,0,,,,1256,,,,,,,,SODLP,Sodexo La Plaine,Boulevard de la Plaine 15,,1050,Bruxelles,,50.81958,4.39348,,,Nos Pilifs,,,,,,,,,,
,VENDREDI 27.O7,T7F,,4,visit,0,,,,19,,,,,,,,SUMY60a,SUMY 1h00,Avenue De Béjar 1AE,,1120,neder over hembeek,,50.911084,4.403549,,,Sumy,,1:00:00,,,,,,,,
,VENDREDI 27.O7,T7F,,5,visit,0,,,,1217,,,,,,,,,Actiris,Rue potagère 7b,Quatrième étage de la Tour Astro,1210,Bruxelles,,50.85132,4.37023,entre 7h30 et 11 h,,,,,,,,,,,,
,VENDREDI 27.O7,T7F,,6,visit,0,,,,260,,,,,,,,NosPilifs1,NOS PILIFS,Trassersweg 347,,1120,Neder over heembeek,,50.90368,4.38881,,,,,,,,,,,,,
,VENDREDI 27.O7,T7F,,7,visit,0,,,,,,,,,,,,DATSGRIM,DATS GRIMBERGEN,Vilvoordsesteenweg 301,,,,,50.92705,4.3914,,,,,,,,,,,,,
,VENDREDI 27.O7,T7F,,8,visit,0,,,,,,,,,,,,DATSAND1,Dats Anderlecht,Chaussée de Mons 875,,1070,Anderlecht,,50.82815,4.30232,,,Dats,,0:10:00,,,,,,,,
,VENDREDI 27.O7,T7F,,9,visit,0,,,,1215,,,,,,,,DATSOVE1,Dats Overijse,Brusselsesteenweg 361,,3090,Overijse,,50.78348,4.5058,,,Dats,,0:10:00,,,,,,,,
,VENDREDI 27.O7,T7F,,10,visit,0,,,,,,,,,,,,39,Les idées à la pêle,25 avenue Louis Bertrand 1030 Schaerbeek,,1030,Schaerbeek,,50.8636,4.37478,mardi-mercredi-jeudi-samedi,,Ecodal,,,,,,,,,,
,VENDREDI 27.O7,T7F,,11,visit,0,,,,,,,,,,,,BDS2,Fish4you,Rue Vanderkindere 153,,1180,Uccle,,50.81378,4.3485699,,0484/888.308,,,,,,,,,,,
,VENDREDI 27.O7,T7F,,12,visit,0,,,,947,,,,,,,,IvecoEP,IVECO EPPEGEM,brusselsesteenweg 185,,1980,eppegem,,50.9688299,4.45545,,,"""""",,,,,,,,,,
,VENDREDI 27.O7,T7F,,13,store,,,7:00,0,0,,,,,,,,,SUMY,avenue de bejar laan,,1120,neder over hembeek,,50.911124,4.404917,,,,,,,,,,,,,
